// generated by tools/make_panel.py: forward view shapes (halved, clipped to the 60-px window)
#define FPV_SHAPES 201
static const u8 c_fpv_dash[95] = { 255, 255, 255, 255, 255, 0, 255, 255, 255, 255, 255, 255, 255, 255, 255, 1, 2, 3, 4, 5, 6, 7, 8, 9, 10, 11, 12, 255, 13, 14, 15, 16, 17, 18, 255, 19, 20, 21, 22, 23, 24, 255, 25, 26, 27, 28, 29, 30, 255, 31, 32, 33, 34, 35, 36, 255, 37, 38, 39, 40, 41, 42, 43, 44, 45, 46, 47, 48, 49, 50, 51, 52, 53, 54, 55, 56, 57, 58, 59, 60, 61, 62, 63, 64, 65, 66, 67, 68, 69, 70, 71, 72, 73, 74, 75 };
static const u8 c_fpv_ship[48] = { 76, 77, 78, 79, 80, 81, 82, 83, 84, 85, 86, 87, 88, 89, 90, 91, 92, 93, 94, 95, 96, 97, 98, 99, 100, 101, 102, 103, 104, 105, 106, 107, 108, 109, 110, 111, 112, 113, 114, 115, 116, 117, 118, 119, 120, 121, 122, 123 };
static const u8 c_fpv_zr[168] = { 126, 127, 127, 127, 128, 128, 128, 129, 129, 130, 130, 131, 131, 132, 133, 133, 134, 134, 135, 135, 136, 136, 136, 137, 137, 137, 138, 138, 139, 140, 140, 140, 141, 141, 141, 141, 142, 143, 143, 144, 144, 145, 146, 146, 147, 147, 148, 148, 149, 149, 149, 150, 150, 150, 126, 126, 151, 152, 152, 152, 153, 153, 153, 154, 154, 155, 155, 156, 156, 157, 158, 158, 159, 159, 160, 160, 161, 161, 161, 162, 162, 162, 163, 163, 164, 165, 165, 165, 166, 166, 166, 166, 167, 168, 168, 169, 169, 170, 171, 171, 172, 172, 173, 173, 174, 174, 174, 175, 175, 175, 151, 151, 176, 177, 177, 177, 178, 178, 178, 179, 179, 180, 180, 181, 181, 182, 183, 183, 184, 184, 185, 185, 186, 186, 186, 187, 187, 187, 188, 188, 189, 190, 190, 190, 191, 191, 191, 191, 192, 193, 193, 194, 194, 195, 196, 196, 197, 197, 198, 198, 199, 199, 199, 200, 200, 200, 176, 176 };
static const u8 c_fpv_arrow[2] = { 124, 125 };
// the panel palette at night (nightdash CMAP, same indices as the day palette), STE colour words
static const u16 c_night_dash[16] = { 0x000, 0x0ad, 0x000, 0x200, 0xc20, 0x5ba, 0x131, 0x1a1, 0x633, 0x722, 0xf00, 0x000, 0x119, 0x22a, 0x334, 0xcc5 };
struct fpv_shape_t { s8 top; u8 rows, c0, nc, solid; u16 ofs; };
static const fpv_shape_t c_fpv_hdr[201] = {
{ -4, 9, 1, 2, 9, 0 }, { -4, 5, 0, 4, 2, 90 }, { -5, 6, 0, 4, 2, 190 }, { -5, 6, 0, 4, 2, 310 }, { -6, 7, 0, 4, 3, 430 }, { -6, 7, 0, 4, 2, 570 },
{ 0, 1, 1, 2, 1, 710 }, { 0, 1, 1, 2, 1, 720 }, { 0, 1, 1, 2, 1, 730 }, { -1, 2, 1, 2, 2, 740 }, { -1, 2, 1, 2, 2, 760 }, { -1, 2, 1, 2, 2, 780 },
{ -2, 3, 1, 2, 3, 800 }, { -3, 4, 1, 2, 4, 830 }, { -3, 4, 1, 2, 4, 870 }, { -4, 5, 1, 2, 5, 910 }, { -5, 6, 1, 2, 6, 960 }, { -6, 7, 1, 2, 7, 1020 },
{ -7, 8, 1, 2, 8, 1090 }, { -2, 3, 1, 2, 3, 1170 }, { -2, 3, 1, 2, 3, 1200 }, { -3, 4, 1, 2, 4, 1230 }, { -3, 4, 1, 2, 4, 1270 }, { -3, 4, 1, 2, 4, 1310 },
{ -4, 5, 1, 2, 5, 1350 }, { -3, 3, 1, 2, 3, 1400 }, { -3, 4, 1, 2, 4, 1430 }, { -3, 4, 1, 2, 4, 1470 }, { -4, 5, 1, 2, 5, 1510 }, { -5, 6, 1, 2, 6, 1560 },
{ -6, 7, 1, 2, 7, 1620 }, { -2, 3, 1, 2, 3, 1690 }, { -2, 3, 1, 2, 3, 1720 }, { -3, 4, 1, 2, 4, 1750 }, { -3, 4, 1, 2, 4, 1790 }, { -4, 5, 1, 2, 5, 1830 },
{ -4, 5, 1, 2, 5, 1880 }, { -10, 4, 1, 2, 4, 1930 }, { -11, 5, 1, 2, 5, 1970 }, { -12, 6, 1, 2, 6, 2020 }, { -14, 8, 1, 2, 8, 2080 }, { -1, 2, 1, 2, 2, 2160 },
{ -3, 4, 1, 2, 4, 2180 }, { -3, 4, 1, 2, 4, 2220 }, { -4, 5, 1, 2, 5, 2260 }, { -5, 6, 1, 2, 6, 2310 }, { -6, 7, 1, 2, 7, 2370 }, { -7, 8, 1, 2, 8, 2440 },
{ -8, 9, 0, 4, 9, 2520 }, { -1, 2, 1, 2, 2, 2700 }, { -2, 3, 1, 2, 3, 2720 }, { -3, 4, 1, 2, 4, 2750 }, { -4, 5, 1, 2, 5, 2790 }, { -4, 5, 1, 2, 5, 2840 },
{ -5, 6, 1, 2, 6, 2890 }, { -6, 7, 1, 2, 7, 2950 }, { -7, 8, 0, 4, 8, 3020 }, { -2, 2, 1, 1, 2, 3180 }, { -5, 3, 1, 1, 3, 3190 }, { -6, 4, 1, 1, 4, 3205 },
{ -8, 5, 1, 1, 5, 3225 }, { -11, 7, 1, 1, 7, 3250 }, { -15, 10, 1, 1, 10, 3285 }, { -17, 11, 1, 1, 11, 3335 }, { -21, 14, 0, 2, 14, 3390 }, { -2, 2, 2, 1, 2, 3530 },
{ -4, 3, 2, 1, 3, 3540 }, { -6, 4, 2, 1, 4, 3555 }, { -8, 5, 2, 1, 5, 3575 }, { -10, 7, 2, 1, 7, 3600 }, { -14, 10, 2, 1, 10, 3635 }, { -16, 11, 2, 1, 11, 3685 },
{ -20, 14, 2, 2, 14, 3740 }, { -2, 10, 1, 2, 10, 3880 }, { -2, 8, 1, 2, 8, 3980 }, { -2, 6, 1, 2, 6, 4060 }, { -3, 4, 1, 2, 4, 4120 }, { -5, 7, 1, 2, 7, 4160 },
{ -5, 7, 0, 3, 7, 4230 }, { -6, 9, 0, 4, 9, 4335 }, { -9, 12, 0, 4, 12, 4515 }, { -11, 15, 0, 4, 15, 4755 }, { -11, 16, 0, 4, 16, 5055 }, { -13, 18, 0, 4, 18, 5375 },
{ -3, 4, 1, 2, 4, 5735 }, { -5, 7, 1, 2, 7, 5775 }, { -5, 7, 0, 3, 7, 5845 }, { -6, 9, 0, 4, 9, 5950 }, { -9, 12, 0, 4, 12, 6130 }, { -11, 15, 0, 4, 15, 6370 },
{ -11, 16, 0, 4, 16, 6670 }, { -13, 18, 0, 4, 18, 6990 }, { -4, 7, 1, 2, 7, 7350 }, { -7, 10, 1, 2, 10, 7420 }, { -12, 15, 1, 2, 15, 7520 }, { -14, 18, 1, 2, 18, 7670 },
{ -15, 19, 1, 2, 19, 7850 }, { -15, 20, 1, 2, 20, 8040 }, { -17, 23, 1, 2, 23, 8240 }, { -19, 27, 1, 2, 27, 8470 }, { -5, 8, 1, 2, 8, 8740 }, { -8, 12, 1, 2, 12, 8820 },
{ -10, 16, 1, 2, 16, 8940 }, { -13, 19, 1, 2, 19, 9100 }, { -15, 21, 1, 2, 21, 9290 }, { -16, 23, 1, 2, 23, 9500 }, { -18, 25, 1, 2, 25, 9730 }, { -18, 27, 1, 2, 27, 9980 },
{ -6, 8, 1, 2, 8, 10250 }, { -8, 10, 1, 2, 10, 10330 }, { -10, 13, 1, 2, 13, 10430 }, { -13, 17, 1, 2, 17, 10560 }, { -16, 22, 1, 2, 22, 10730 }, { -18, 25, 1, 2, 25, 10950 },
{ -19, 26, 1, 2, 26, 11200 }, { -20, 29, 1, 2, 29, 11460 }, { -6, 8, 1, 2, 8, 11750 }, { -9, 12, 1, 2, 12, 11830 }, { -9, 14, 1, 2, 14, 11950 }, { -10, 16, 1, 2, 16, 12090 },
{ -13, 19, 1, 2, 19, 12250 }, { -15, 22, 1, 2, 22, 12440 }, { -16, 24, 1, 2, 24, 12660 }, { -16, 26, 1, 2, 26, 12900 }, { -2, 5, 0, 2, 5, 13160 }, { -2, 5, 2, 2, 5, 13210 },
{ -2, 4, 1, 2, 4, 13260 }, { -1, 3, 1, 2, 3, 13300 }, { -1, 4, 1, 2, 4, 13330 }, { -3, 7, 2, 1, 7, 13370 }, { -3, 7, 2, 1, 7, 13405 }, { -3, 7, 1, 2, 7, 13440 },
{ -3, 7, 1, 2, 7, 13510 }, { -3, 7, 1, 2, 7, 13580 }, { -3, 7, 2, 1, 7, 13650 }, { -3, 7, 2, 1, 7, 13685 }, { -1, 4, 1, 2, 4, 13720 }, { -2, 4, 1, 2, 4, 13760 },
{ -2, 4, 1, 2, 4, 13800 }, { -2, 4, 1, 2, 4, 13840 }, { -1, 3, 1, 2, 3, 13880 }, { -1, 4, 1, 2, 4, 13910 }, { -3, 7, 1, 1, 7, 13950 }, { -3, 7, 1, 1, 7, 13985 },
{ -3, 7, 1, 2, 7, 14020 }, { -3, 7, 1, 2, 7, 14090 }, { -3, 7, 1, 2, 7, 14160 }, { -3, 7, 1, 1, 7, 14230 }, { -3, 7, 1, 1, 7, 14265 }, { -1, 4, 1, 2, 4, 14300 },
{ -2, 4, 1, 2, 4, 14340 }, { -1, 3, 1, 2, 3, 14380 }, { -1, 3, 1, 2, 3, 14410 }, { -1, 4, 1, 2, 4, 14440 }, { -2, 5, 2, 1, 5, 14480 }, { -2, 5, 2, 1, 5, 14505 },
{ -2, 5, 1, 2, 5, 14530 }, { -2, 5, 1, 2, 5, 14580 }, { -2, 5, 1, 2, 5, 14630 }, { -2, 5, 2, 1, 5, 14680 }, { -2, 5, 2, 1, 5, 14705 }, { -1, 4, 1, 2, 4, 14730 },
{ -1, 3, 1, 2, 3, 14770 }, { -1, 3, 1, 2, 3, 14800 }, { -1, 3, 1, 2, 3, 14830 }, { -1, 3, 1, 2, 3, 14860 }, { -1, 4, 1, 2, 4, 14890 }, { -2, 5, 1, 1, 5, 14930 },
{ -2, 5, 1, 1, 5, 14955 }, { -2, 5, 1, 2, 5, 14980 }, { -2, 5, 1, 2, 5, 15030 }, { -2, 5, 1, 2, 5, 15080 }, { -2, 5, 1, 1, 5, 15130 }, { -2, 5, 1, 1, 5, 15155 },
{ -1, 4, 1, 2, 4, 15180 }, { -1, 3, 1, 2, 3, 15220 }, { -1, 2, 1, 2, 2, 15250 }, { 0, 2, 1, 2, 2, 15270 }, { 0, 3, 1, 2, 3, 15290 }, { 0, 3, 2, 1, 3, 15320 },
{ 0, 3, 1, 2, 3, 15335 }, { 0, 3, 1, 2, 3, 15365 }, { 0, 3, 1, 2, 3, 15395 }, { 0, 3, 1, 2, 3, 15425 }, { 0, 3, 2, 1, 3, 15455 }, { 0, 3, 2, 1, 3, 15470 },
{ 0, 3, 2, 1, 3, 15485 }, { 0, 2, 1, 2, 2, 15500 }, { -1, 2, 1, 2, 2, 15520 }, { -1, 2, 1, 2, 2, 15540 }, { 0, 2, 1, 2, 2, 15560 }, { 0, 3, 1, 2, 3, 15580 },
{ 0, 3, 1, 1, 3, 15610 }, { 0, 3, 1, 2, 3, 15625 }, { 0, 3, 1, 2, 3, 15655 }, { 0, 3, 1, 2, 3, 15685 }, { 0, 3, 1, 2, 3, 15715 }, { 0, 3, 1, 1, 3, 15745 },
{ 0, 3, 1, 1, 3, 15760 }, { 0, 3, 1, 1, 3, 15775 }, { 0, 2, 1, 2, 2, 15790 } };
static const u16 c_fpv_bits[15810] = {
0x0000, 0x0000, 0x0000, 0x0000, 0x0000, 0x8000, 0x0000, 0x8000, 0x8000, 0x8000, 0x0003, 0x0001, 0x0002, 0x0003, 0x0003, 0xe000, 0x0000, 0xe000, 0xe000, 0xe000,
0x000c, 0x0008, 0x0004, 0x000c, 0x000c, 0xb000, 0x0000, 0xb000, 0xb000, 0xb000, 0x0008, 0x0000, 0x0008, 0x0008, 0x0008, 0x9800, 0x0800, 0x9000, 0x1800, 0x9800,
0x001d, 0x0000, 0x001c, 0x001c, 0x001d, 0xf800, 0x0000, 0xb800, 0x3800, 0xf800, 0x0008, 0x0000, 0x0008, 0x0008, 0x0008, 0x9800, 0x0800, 0x9000, 0x1800, 0x9800,
0x000c, 0x0008, 0x0004, 0x000c, 0x000c, 0xb000, 0x0000, 0xb000, 0xb000, 0xb000, 0x0003, 0x0001, 0x0002, 0x0003, 0x0003, 0xe000, 0x0000, 0xe000, 0xe000, 0xe000,
0x0000, 0x0000, 0x0000, 0x0000, 0x0000, 0x8000, 0x0000, 0x8000, 0x8000, 0x8000, 0x2dff, 0x2116, 0x2dff, 0x2dff, 0x0000, 0xd3ff, 0x0149, 0xd3ff, 0xd3ff, 0x0000,
0xbdf7, 0x1145, 0xbdf3, 0xbdf7, 0x0000, 0xfefc, 0x8c48, 0xfefc, 0xfefc, 0x0000, 0x3fff, 0x1231, 0x373b, 0x3fff, 0x0000, 0xfffb, 0x2120, 0xb3aa, 0xfffb, 0x0000,
0xffff, 0x4384, 0xd742, 0xffff, 0x0000, 0xdfec, 0x0848, 0xce6c, 0xdfec, 0x0000, 0x3fff, 0x2108, 0x3bef, 0x3fff, 0x0000, 0xffff, 0x5081, 0x3ef7, 0xffff, 0x0000,
0xffff, 0x21a3, 0xe7da, 0xffff, 0x0000, 0xfffc, 0x0424, 0xdfbc, 0xfffc, 0x0000, 0x3fff, 0x2083, 0x3d77, 0x3fff, 0x0000, 0xffff, 0x0024, 0x7977, 0xffff, 0x0000,
0xffff, 0x80a4, 0xdffb, 0xffff, 0x0000, 0xfffc, 0x8284, 0xffdc, 0xfffc, 0x0000, 0x3fff, 0x3fff, 0x0000, 0x3fff, 0x0000, 0xffff, 0xffff, 0x0000, 0xffff, 0x0000,
0xffff, 0xffff, 0x0000, 0xffff, 0x0000, 0xfffc, 0xfffc, 0x0000, 0xfffc, 0x0000, 0x3bf9, 0x09c8, 0x3bf9, 0x3bf9, 0x0000, 0xfddd, 0x1c51, 0xfddd, 0xfddd, 0x0000,
0xefe7, 0x0263, 0xefe7, 0xefe7, 0x0000, 0xfffc, 0x4724, 0xfffc, 0xfffc, 0x0000, 0x3fff, 0x2024, 0x2fff, 0x3fff, 0x0000, 0xffff, 0x0a4a, 0xefff, 0xffff, 0x0000,
0xfdff, 0x310b, 0xfdff, 0xfdff, 0x0000, 0xffbc, 0x8910, 0xffbc, 0xffbc, 0x0000, 0x3fff, 0x0484, 0x3f9d, 0x3fff, 0x0000, 0xffff, 0x0830, 0xb8fe, 0xffff, 0x0000,
0xffff, 0x8121, 0xfff7, 0xffff, 0x0000, 0xfffc, 0x0310, 0x4f7c, 0xfffc, 0x0000, 0x3fff, 0x1210, 0x36b5, 0x3fff, 0x0000, 0xffff, 0x60c2, 0x6be3, 0xffff, 0x0000,
0xffff, 0x4084, 0x55ed, 0xffff, 0x0000, 0xfffc, 0x0840, 0x5aec, 0xfffc, 0x0000, 0x3fff, 0x2083, 0x3df7, 0x3fff, 0x0000, 0xffff, 0x0024, 0x7977, 0xffff, 0x0000,
0xffff, 0x80a4, 0xdffb, 0xffff, 0x0000, 0xfffc, 0x8284, 0xffdc, 0xfffc, 0x0000, 0x3fff, 0x3fff, 0x0000, 0x3fff, 0x0000, 0xffff, 0xffff, 0x0000, 0xffff, 0x0000,
0xffff, 0xffff, 0x0000, 0xffff, 0x0000, 0xfffc, 0xfffc, 0x0000, 0xfffc, 0x0000, 0x37f5, 0x3471, 0x37f5, 0x17f5, 0x2000, 0xb78b, 0x2408, 0xb78b, 0xb78b, 0x0000,
0xddfe, 0x453c, 0xddfe, 0xddfe, 0x0000, 0x5fec, 0x19c8, 0x5fec, 0x5fec, 0x0000, 0x3eff, 0x2448, 0x3eff, 0x3eff, 0x0000, 0xffff, 0xe866, 0xffff, 0xffff, 0x0000,
0xffff, 0x2928, 0xffff, 0xffff, 0x0000, 0xfffc, 0x1200, 0xfffc, 0xfffc, 0x0000, 0x3fff, 0x2400, 0x2ef5, 0x3fff, 0x0000, 0xffff, 0x4200, 0x777d, 0xffff, 0x0000,
0xffff, 0x8600, 0xaf9d, 0xffff, 0x0000, 0xfffc, 0x0090, 0xdcf8, 0xfffc, 0x0000, 0x3fff, 0x2108, 0x2bef, 0x3fff, 0x0000, 0xffff, 0x1001, 0x7ef7, 0xffff, 0x0000,
0xffff, 0x2183, 0xe7fb, 0xffff, 0x0000, 0xfffc, 0x0024, 0xdfbc, 0xfffc, 0x0000, 0x3fff, 0x10a0, 0x3dff, 0x3fff, 0x0000, 0xffff, 0x9280, 0xeffd, 0xffff, 0x0000,
0xffff, 0x9200, 0xff5b, 0xffff, 0x0000, 0xfffc, 0x6080, 0xf7fc, 0xfffc, 0x0000, 0x3fff, 0x3fff, 0x0000, 0x3fff, 0x0000, 0xffff, 0xffff, 0x0000, 0xffff, 0x0000,
0xffff, 0xffff, 0x0000, 0xffff, 0x0000, 0xfffc, 0xfffc, 0x0000, 0xfffc, 0x0000, 0x37f6, 0x2430, 0x37f6, 0x17f6, 0x2000, 0x76cb, 0x6440, 0x76cb, 0x76cb, 0x0000,
0x38f3, 0x3810, 0x38f3, 0x38f3, 0x0000, 0x9cec, 0x18c8, 0x9cec, 0x9cec, 0x0000, 0x3fff, 0x2440, 0x3fff, 0x3fff, 0x0000, 0xffdf, 0xe846, 0xffdf, 0xffdf, 0x0000,
0x7fff, 0x6908, 0x7fff, 0x7fff, 0x0000, 0xfff4, 0x1200, 0xfff4, 0xfff4, 0x0000, 0x3fff, 0x2024, 0x2fff, 0x3fff, 0x0000, 0xffff, 0x0808, 0xefff, 0xffff, 0x0000,
0xfdff, 0x310b, 0xfdff, 0xfdff, 0x0000, 0xfffc, 0x8800, 0xfffc, 0xfffc, 0x0000, 0x3fff, 0x0406, 0x3fdf, 0x3fff, 0x0000, 0xffff, 0x0030, 0xbefe, 0xffff, 0x0000,
0xffff, 0x0101, 0xfff7, 0xffff, 0x0000, 0xfffc, 0x0010, 0xef7c, 0xfffc, 0x0000, 0x3fff, 0x1210, 0x36d5, 0x3fff, 0x0000, 0xffff, 0x60c2, 0x6be3, 0xffff, 0x0000,
0xffff, 0x4084, 0x55ed, 0xffff, 0x0000, 0xfffc, 0x0800, 0xdaec, 0xfffc, 0x0000, 0x3fff, 0x210c, 0x2bcb, 0x3fff, 0x0000, 0xffff, 0x5081, 0x3ef7, 0xffff, 0x0000,
0xffff, 0x2383, 0xe5fb, 0xffff, 0x0000, 0xfffc, 0x0024, 0xdbbc, 0xfffc, 0x0000, 0x3fff, 0x3fff, 0x0000, 0x3fff, 0x0000, 0xffff, 0xffff, 0x0000, 0xffff, 0x0000,
0xffff, 0xffff, 0x0000, 0xffff, 0x0000, 0xfffc, 0xfffc, 0x0000, 0xfffc, 0x0000, 0x3bd8, 0x2250, 0x3bd8, 0x1bd8, 0x2000, 0xf31a, 0x2102, 0xf31a, 0xf31a, 0x0000,
0xf9f1, 0xe180, 0xf9f1, 0xf9f1, 0x0000, 0xce6c, 0x0848, 0xce6c, 0xce6c, 0x0000, 0x3eff, 0x2048, 0x3eff, 0x3eff, 0x0000, 0xffff, 0x2846, 0xffff, 0xffff, 0x0000,
0xffff, 0x2908, 0xffff, 0xffff, 0x0000, 0xdffc, 0x1200, 0xdff8, 0xdffc, 0x0000, 0x3fff, 0x2400, 0x2ef5, 0x3fff, 0x0000, 0xffff, 0x4200, 0x77fd, 0xffff, 0x0000,
0xffff, 0x0608, 0xefed, 0xffff, 0x0000, 0xfffc, 0x1010, 0xdff8, 0xfffc, 0x0000, 0x3fff, 0x2100, 0x2bef, 0x3fff, 0x0000, 0xffff, 0x1000, 0xfe77, 0xffff, 0x0000,
0xffff, 0x0082, 0xe7fb, 0xffff, 0x0000, 0xfffc, 0x0424, 0xfebc, 0xfffc, 0x0000, 0x3fff, 0x1210, 0x36b5, 0x3fff, 0x0000, 0xffff, 0x0042, 0xbb63, 0xffff, 0x0000,
0xffff, 0x4080, 0x45e9, 0xffff, 0x0000, 0xfffc, 0x0840, 0x5aec, 0xfffc, 0x0000, 0x3fff, 0x2081, 0x3dd5, 0x3fff, 0x0000, 0xffff, 0x0024, 0x6ff7, 0xffff, 0x0000,
0xffff, 0x8080, 0xcecb, 0xffff, 0x0000, 0xfffc, 0x0284, 0xfedc, 0xfffc, 0x0000, 0x3fff, 0x3fff, 0x0000, 0x3fff, 0x0000, 0xffff, 0xffff, 0x0000, 0xffff, 0x0000,
0xffff, 0xffff, 0x0000, 0xffff, 0x0000, 0xfffc, 0xfffc, 0x0000, 0xfffc, 0x0000, 0x0003, 0x0002, 0x0002, 0x0001, 0x0000, 0xe000, 0x0000, 0x0000, 0xe000, 0x0000,
0x0007, 0x0004, 0x0004, 0x0003, 0x0004, 0xe000, 0x0000, 0x0000, 0xe000, 0x0000, 0x0007, 0x0000, 0x0000, 0x0007, 0x0000, 0xe000, 0x0000, 0x0000, 0xe000, 0x0000,
0x000f, 0x0000, 0x0000, 0x000f, 0x0000, 0xf000, 0x0000, 0x0000, 0xf000, 0x0000, 0x000f, 0x0000, 0x0000, 0x000f, 0x0000, 0xf000, 0x0000, 0x0000, 0xf000, 0x0000,
0x001f, 0x0000, 0x0000, 0x001f, 0x0000, 0xf800, 0x0000, 0x0000, 0xf800, 0x0000, 0x001f, 0x0000, 0x0000, 0x001f, 0x0000, 0xf800, 0x0000, 0x0000, 0xf800, 0x0000,
0x003f, 0x0020, 0x0020, 0x001f, 0x0000, 0xfc00, 0x0000, 0x0000, 0xfc00, 0x0000, 0x003f, 0x0000, 0x0000, 0x003f, 0x0000, 0xfc00, 0x0000, 0x0000, 0xfc00, 0x0000,
0x003f, 0x0000, 0x0000, 0x003f, 0x0000, 0xfe00, 0x0000, 0x0000, 0xfe00, 0x0000, 0x003f, 0x0000, 0x0000, 0x003f, 0x0000, 0xfe00, 0x0000, 0x0000, 0xfe00, 0x0000,
0x003f, 0x0000, 0x0000, 0x003f, 0x0000, 0xfe00, 0x0000, 0x0000, 0xfe00, 0x0000, 0x0001, 0x0001, 0x0001, 0x0000, 0x0000, 0xc000, 0xc000, 0xc000, 0x0000, 0x0000,
0x0007, 0x0004, 0x0004, 0x0003, 0x0000, 0xf000, 0x1000, 0x1000, 0xe000, 0x0000, 0x000f, 0x0000, 0x0000, 0x000f, 0x0000, 0xf800, 0x8800, 0x0800, 0xf000, 0x8000,
0x000f, 0x0000, 0x0000, 0x000f, 0x0000, 0xf000, 0x8000, 0x0000, 0xf000, 0x8000, 0x0003, 0x0003, 0x0003, 0x0000, 0x0000, 0x8000, 0x8000, 0x8000, 0x0000, 0x0000,
0x000f, 0x0008, 0x0008, 0x0007, 0x0000, 0xf000, 0x3000, 0x3000, 0xc000, 0x0000, 0x001f, 0x0001, 0x0001, 0x001e, 0x0000, 0xf800, 0x8800, 0x0800, 0xf000, 0x8000,
0x001f, 0x0001, 0x0000, 0x001f, 0x0001, 0xf800, 0x8000, 0x0000, 0xf800, 0x8000, 0x0001, 0x0001, 0x0001, 0x0000, 0x0000, 0xe000, 0xe000, 0xe000, 0x0000, 0x2000,
0x000f, 0x000e, 0x000e, 0x0001, 0x0000, 0xfc00, 0x7c00, 0x7c00, 0x8000, 0x0c00, 0x003f, 0x0030, 0x0030, 0x000f, 0x0000, 0xfc00, 0x0c00, 0x0c00, 0xf000, 0x0000,
0x001f, 0x0000, 0x0000, 0x001f, 0x0000, 0xf800, 0x8000, 0x8000, 0x7800, 0x0000, 0x001f, 0x0000, 0x0000, 0x001f, 0x0000, 0xf800, 0x8000, 0x0000, 0xf800, 0x8000,
0x0001, 0x0001, 0x0001, 0x0000, 0x0000, 0x8000, 0x8000, 0x8000, 0x0000, 0x0000, 0x0007, 0x0006, 0x0006, 0x0001, 0x0000, 0xe000, 0x6000, 0x6000, 0x8000, 0x0000,
0x001f, 0x0018, 0x0018, 0x0007, 0x0000, 0xf800, 0x1800, 0x1800, 0xe000, 0x0000, 0x003f, 0x0020, 0x0020, 0x001f, 0x0000, 0xfc00, 0x0400, 0x0400, 0xf800, 0x0000,
0x001f, 0x0000, 0x0000, 0x001f, 0x0000, 0xf800, 0x8000, 0x0000, 0xf800, 0x8000, 0x001f, 0x0000, 0x0000, 0x001f, 0x0000, 0xf800, 0x0000, 0x8000, 0xf800, 0x8000,
0x0001, 0x0001, 0x0001, 0x0000, 0x0000, 0xc000, 0xc000, 0xc000, 0x0000, 0x0000, 0x0007, 0x0006, 0x0006, 0x0001, 0x0000, 0xf000, 0x7000, 0x7000, 0x8000, 0x0000,
0x001f, 0x0018, 0x0018, 0x0007, 0x0000, 0xfc00, 0x1c00, 0x1c00, 0xe000, 0x0000, 0x007f, 0x0060, 0x0060, 0x001f, 0x0000, 0xff00, 0x0700, 0x0700, 0xf800, 0x0000,
0x003f, 0x0001, 0x0000, 0x003f, 0x0001, 0xfe00, 0x8200, 0x0200, 0xfc00, 0x8000, 0x003f, 0x0000, 0x0001, 0x003f, 0x0001, 0xfe00, 0x4000, 0x8000, 0xfe00, 0xc000,
0x003f, 0x0000, 0x0001, 0x003f, 0x0001, 0xfe00, 0x4000, 0x8000, 0xfe00, 0xc000, 0x0003, 0x0003, 0x0003, 0x0000, 0x0000, 0xc000, 0xc000, 0xc000, 0x0000, 0x0000,
0x000f, 0x000e, 0x000e, 0x0001, 0x0000, 0xf000, 0x7000, 0x7000, 0x8000, 0x0000, 0x003f, 0x0038, 0x0038, 0x0007, 0x0000, 0xfc00, 0x1c00, 0x1c00, 0xe000, 0x0000,
0x00ff, 0x00c0, 0x00c0, 0x003f, 0x0000, 0xff00, 0x0700, 0x0700, 0xf800, 0x0000, 0x00ff, 0x0080, 0x0080, 0x007f, 0x0000, 0xff00, 0x0100, 0x0100, 0xfe00, 0x0000,
0x007f, 0x0001, 0x0000, 0x007f, 0x0001, 0xfe00, 0xc000, 0x0000, 0xfe00, 0xc000, 0x007f, 0x0000, 0x0001, 0x007f, 0x0001, 0xfe00, 0x0000, 0xc000, 0xfe00, 0xc000,
0x007f, 0x0000, 0x0001, 0x007f, 0x0001, 0xfe00, 0x0000, 0xc000, 0xfe00, 0xc000, 0x0001, 0x0000, 0x0000, 0x0001, 0x0000, 0x0000, 0x0000, 0x0000, 0x0000, 0x0000,
0x001b, 0x0009, 0x0009, 0x0012, 0x0000, 0x5000, 0x0000, 0x0000, 0x5000, 0x0000, 0x001f, 0x0000, 0x0000, 0x001f, 0x0000, 0xf000, 0x4000, 0x8000, 0xf000, 0xc000,
0x0002, 0x0000, 0x0000, 0x0002, 0x0000, 0x2c00, 0x0c00, 0x0c00, 0x2000, 0x0000, 0x001b, 0x0008, 0x0008, 0x0013, 0x0000, 0x3800, 0x0000, 0x0000, 0x3800, 0x0000,
0x001f, 0x0000, 0x0000, 0x001f, 0x0000, 0xf800, 0x4000, 0x8000, 0xf800, 0xc000, 0x0002, 0x0000, 0x0000, 0x0002, 0x0000, 0x2000, 0x0000, 0x0000, 0x2000, 0x0000,
0x001f, 0x0018, 0x0018, 0x0007, 0x0010, 0x2800, 0x0000, 0x0000, 0x2800, 0x0000, 0x001f, 0x0004, 0x0004, 0x001b, 0x0000, 0x3800, 0x0000, 0x0000, 0x3800, 0x0000,
0x001f, 0x0000, 0x0000, 0x001f, 0x0000, 0xfc00, 0x4000, 0x8000, 0xfc00, 0xc000, 0x0004, 0x0000, 0x0000, 0x0004, 0x0000, 0x2000, 0x0000, 0x0000, 0x2000, 0x0000,
0x002d, 0x0020, 0x0020, 0x000d, 0x0000, 0x2800, 0x0000, 0x0000, 0x2800, 0x0000, 0x007e, 0x0000, 0x0000, 0x007e, 0x0000, 0x7c00, 0x0000, 0x0000, 0x7c00, 0x0000,
0x007f, 0x0000, 0x0001, 0x007f, 0x0001, 0xfc00, 0x0000, 0x8000, 0xfc00, 0x8000, 0x0004, 0x0000, 0x0000, 0x0004, 0x0000, 0x1200, 0x0000, 0x0000, 0x1200, 0x0000,
0x002d, 0x0020, 0x0020, 0x000d, 0x0000, 0x1400, 0x0000, 0x0000, 0x1400, 0x0000, 0x007f, 0x0001, 0x0001, 0x007e, 0x0000, 0x5e00, 0x0800, 0x0800, 0x5600, 0x0000,
0x007f, 0x0000, 0x0001, 0x007f, 0x0001, 0xff00, 0x4000, 0x8000, 0xff00, 0xc000, 0x0004, 0x0000, 0x0000, 0x0004, 0x0000, 0x1000, 0x0000, 0x0000, 0x1000, 0x0000,
0x004c, 0x0040, 0x0040, 0x000c, 0x0000, 0x1200, 0x0000, 0x0000, 0x1200, 0x0000, 0x004e, 0x0000, 0x0000, 0x004e, 0x0000, 0x5400, 0x4000, 0x0000, 0x5400, 0x4000,
0x00ff, 0x0000, 0x0001, 0x00ff, 0x0001, 0xfd00, 0x8000, 0x4000, 0xfd00, 0xc000, 0x00ff, 0x0000, 0x0001, 0x00ff, 0x0001, 0xff00, 0x0000, 0xc000, 0xff00, 0xc000,
0x0003, 0x0002, 0x0003, 0x0003, 0x0003, 0x6000, 0x4000, 0x6000, 0x6000, 0x6000, 0x000f, 0x000f, 0x000f, 0x000f, 0x000f, 0xf000, 0x8000, 0xf000, 0xf000, 0xf000,
0x000f, 0x000c, 0x000f, 0x000f, 0x000f, 0xf000, 0x0000, 0xf000, 0xf000, 0xf000, 0x0003, 0x0003, 0x0003, 0x0003, 0x0003, 0x6000, 0x6000, 0x6000, 0x6000, 0x6000,
0x0007, 0x0007, 0x0007, 0x0007, 0x0007, 0xf000, 0xe000, 0xf000, 0xf000, 0xf000, 0x000f, 0x000e, 0x000f, 0x000f, 0x000f, 0xf800, 0x0000, 0xf800, 0xf800, 0xf800,
0x000f, 0x000e, 0x000f, 0x000f, 0x000f, 0xf800, 0x0000, 0xf800, 0xf800, 0xf800, 0x0003, 0x0003, 0x0003, 0x0003, 0x0003, 0x6000, 0x6000, 0x6000, 0x6000, 0x6000,
0x000f, 0x000f, 0x000f, 0x000f, 0x000f, 0xf800, 0xe000, 0xf800, 0xf800, 0xf800, 0x001f, 0x001e, 0x001f, 0x001f, 0x001f, 0xfc00, 0x0400, 0xf800, 0xfc00, 0xfc00,
0x001f, 0x001e, 0x001f, 0x001f, 0x001f, 0xfc00, 0x0400, 0xf800, 0xfc00, 0xfc00, 0x0007, 0x0007, 0x0006, 0x0007, 0x0007, 0xe000, 0xe000, 0x6000, 0xe000, 0xe000,
0x001f, 0x001f, 0x001f, 0x001f, 0x001f, 0xf800, 0xe000, 0xf800, 0xf800, 0xf800, 0x003f, 0x001c, 0x003f, 0x003f, 0x003f, 0xfc00, 0x0000, 0xfc00, 0xfc00, 0xfc00,
0x003f, 0x001c, 0x003f, 0x003f, 0x003f, 0xfc00, 0x0000, 0xfc00, 0xfc00, 0xfc00, 0x003f, 0x001c, 0x003f, 0x003f, 0x003f, 0xfc00, 0x0000, 0xfc00, 0xfc00, 0xfc00,
0x0007, 0x0007, 0x0006, 0x0007, 0x0007, 0x6000, 0x6000, 0x6000, 0x6000, 0x6000, 0x001f, 0x001f, 0x001f, 0x001f, 0x001f, 0xf800, 0xe000, 0xf800, 0xf800, 0xf800,
0x003f, 0x001c, 0x003f, 0x003f, 0x003f, 0xfc00, 0x0000, 0xfc00, 0xfc00, 0xfc00, 0x003f, 0x001c, 0x003f, 0x003f, 0x003f, 0xfc00, 0x0000, 0xfc00, 0xfc00, 0xfc00,
0x003f, 0x001c, 0x003f, 0x003f, 0x003f, 0xfc00, 0x0000, 0xfc00, 0xfc00, 0xfc00, 0x003f, 0x001c, 0x003f, 0x003f, 0x003f, 0xfc00, 0x0000, 0xfc00, 0xfc00, 0xfc00,
0x0007, 0x0007, 0x0006, 0x0007, 0x0007, 0x6000, 0x6000, 0x6000, 0x6000, 0x6000, 0x001f, 0x001f, 0x001f, 0x001f, 0x001f, 0xf800, 0xe000, 0xf800, 0xf800, 0xf800,
0x003f, 0x003f, 0x003f, 0x003f, 0x003f, 0xfe00, 0xe000, 0xfe00, 0xfe00, 0xfe00, 0x007f, 0x0078, 0x007f, 0x007f, 0x007f, 0xff00, 0x0000, 0xff00, 0xff00, 0xff00,
0x007f, 0x0078, 0x007f, 0x007f, 0x007f, 0xff00, 0x0000, 0xff00, 0xff00, 0xff00, 0x007f, 0x0078, 0x007f, 0x007f, 0x007f, 0xff00, 0x0000, 0xff00, 0xff00, 0xff00,
0x007f, 0x0078, 0x007f, 0x007f, 0x007f, 0xff00, 0x0000, 0xff00, 0xff00, 0xff00, 0x0003, 0x0001, 0x0002, 0x0003, 0x0003, 0x0000, 0x0000, 0x0000, 0x0000, 0x0000,
0x000f, 0x000e, 0x000f, 0x000f, 0x000f, 0xd000, 0x4000, 0x9000, 0xd000, 0xd000, 0x000f, 0x000e, 0x000f, 0x000f, 0x000f, 0xf000, 0x0000, 0xf000, 0xf000, 0xf000,
0x000a, 0x0000, 0x000a, 0x000a, 0x000a, 0xd000, 0x8000, 0x5000, 0xd000, 0xd000, 0x001f, 0x001c, 0x001f, 0x001f, 0x001f, 0xf800, 0x0800, 0xf000, 0xf800, 0xf800,
0x001f, 0x001c, 0x001f, 0x001f, 0x001f, 0xf800, 0x0800, 0xf000, 0xf800, 0xf800, 0x0000, 0x0000, 0x0000, 0x0000, 0x0000, 0x5000, 0x4000, 0x1000, 0x5000, 0x5000,
0x000e, 0x0002, 0x000c, 0x000e, 0x000e, 0x7000, 0x2000, 0x5000, 0x7000, 0x7000, 0x001f, 0x001c, 0x001f, 0x001f, 0x001f, 0xf800, 0x0000, 0xf800, 0xf800, 0xf800,
0x001f, 0x001c, 0x001f, 0x001f, 0x001f, 0xf800, 0x0000, 0xf800, 0xf800, 0xf800, 0x0010, 0x0000, 0x0010, 0x0010, 0x0010, 0x2800, 0x0000, 0x2800, 0x2800, 0x2800,
0x003f, 0x0010, 0x003f, 0x003f, 0x003f, 0x7800, 0x1000, 0x6800, 0x7800, 0x7800, 0x003f, 0x001c, 0x003f, 0x003f, 0x003f, 0xfc00, 0x0000, 0xfc00, 0xfc00, 0xfc00,
0x003f, 0x001c, 0x003f, 0x003f, 0x003f, 0xfc00, 0x0000, 0xfc00, 0xfc00, 0xfc00, 0x0028, 0x0028, 0x0028, 0x0028, 0x0028, 0x2800, 0x0000, 0x2800, 0x2800, 0x2800,
0x003f, 0x0032, 0x003f, 0x003f, 0x003f, 0x7800, 0x0000, 0x7800, 0x7800, 0x7800, 0x003f, 0x0038, 0x003f, 0x003f, 0x003f, 0xfe00, 0x0200, 0xfc00, 0xfe00, 0xfe00,
0x003f, 0x0038, 0x003f, 0x003f, 0x003f, 0xfe00, 0x0200, 0xfc00, 0xfe00, 0xfe00, 0x003f, 0x0038, 0x003f, 0x003f, 0x003f, 0xfe00, 0x0200, 0xfc00, 0xfe00, 0xfe00,
0x0033, 0x0032, 0x0033, 0x0033, 0x0033, 0x9400, 0x0000, 0x9400, 0x9400, 0x9400, 0x007f, 0x0050, 0x007f, 0x007f, 0x007f, 0xfe00, 0x0400, 0xfa00, 0xfe00, 0xfe00,
0x007f, 0x0078, 0x007f, 0x007f, 0x007f, 0xff00, 0x0000, 0xff00, 0xff00, 0xff00, 0x007f, 0x0078, 0x007f, 0x007f, 0x007f, 0xff00, 0x0000, 0xff00, 0xff00, 0xff00,
0x007f, 0x0078, 0x007f, 0x007f, 0x007f, 0xff00, 0x0000, 0xff00, 0xff00, 0xff00, 0x003f, 0x003f, 0x003f, 0x003f, 0x003f, 0xfc00, 0xf800, 0xfc00, 0xfc00, 0xfc00,
0x01ff, 0x00ff, 0x01ff, 0x01ff, 0x01ff, 0xff00, 0xff00, 0xff00, 0xff00, 0xff00, 0x07ff, 0x07ff, 0x07ff, 0x07ff, 0x07ff, 0xffe0, 0xffc0, 0xffe0, 0xffe0, 0xffe0,
0xffff, 0x7fff, 0xffff, 0xffff, 0xffff, 0xfffe, 0xfff0, 0xfffe, 0xfffe, 0xfffe, 0x003f, 0x001f, 0x003f, 0x003f, 0x003f, 0xf800, 0xf800, 0xf800, 0xf800, 0xf800,
0x00ff, 0x00ff, 0x00ff, 0x00ff, 0x00ff, 0xff00, 0xfe00, 0xff00, 0xff00, 0xff00, 0x07ff, 0x03ff, 0x07ff, 0x07ff, 0x07ff, 0xffc0, 0xffc0, 0xffc0, 0xffc0, 0xffc0,
0x1fff, 0x1fff, 0x1fff, 0x1fff, 0x1fff, 0xfff8, 0xfff0, 0xfff8, 0xfff8, 0xfff8, 0xffff, 0x7fff, 0xffff, 0xffff, 0xffff, 0xfffe, 0xfffe, 0xfffe, 0xfffe, 0xfffe,
0x001f, 0x001f, 0x001f, 0x001f, 0x001f, 0xf800, 0xf000, 0xf800, 0xf800, 0xf800, 0x00ff, 0x007f, 0x00ff, 0x00ff, 0x00ff, 0xfe00, 0xfe00, 0xfe00, 0xfe00, 0xfe00,
0x01ff, 0x01ff, 0x01ff, 0x01ff, 0x01ff, 0xff80, 0xff00, 0xff80, 0xff80, 0xff80, 0x07ff, 0x07ff, 0x07ff, 0x07ff, 0x07ff, 0xffe0, 0xffc0, 0xffe0, 0xffe0, 0xffe0,
0x1fff, 0x1fff, 0x1fff, 0x1fff, 0x1fff, 0xfff8, 0xfff0, 0xfff8, 0xfff8, 0xfff8, 0xffff, 0x7fff, 0xffff, 0xffff, 0xffff, 0xfffe, 0xfffe, 0xfffe, 0xfffe, 0xfffe,
0x001f, 0x001f, 0x001f, 0x001f, 0x001f, 0xf800, 0xf000, 0xf800, 0xf800, 0xf800, 0x007f, 0x003f, 0x007f, 0x007f, 0x007f, 0xfc00, 0xfc00, 0xfc00, 0xfc00, 0xfc00,
0x00ff, 0x00ff, 0x00ff, 0x00ff, 0x00ff, 0xff00, 0xfe00, 0xff00, 0xff00, 0xff00, 0x03ff, 0x01ff, 0x03ff, 0x03ff, 0x03ff, 0xff80, 0xff80, 0xff80, 0xff80, 0xff80,
0x07ff, 0x07ff, 0x07ff, 0x07ff, 0x07ff, 0xffe0, 0xffc0, 0xffe0, 0xffe0, 0xffe0, 0x1fff, 0x0fff, 0x1fff, 0x1fff, 0x1fff, 0xfff0, 0xfff0, 0xfff0, 0xfff0, 0xfff0,
0x3fff, 0x3fff, 0x3fff, 0x3fff, 0x3fff, 0xfffc, 0xfff8, 0xfffc, 0xfffc, 0xfffc, 0xffff, 0x7fff, 0xffff, 0xffff, 0xffff, 0xfffe, 0xfffe, 0xfffe, 0xfffe, 0xfffe,
0x0007, 0x0003, 0x0007, 0x0007, 0x0007, 0xe000, 0xe000, 0xe000, 0xe000, 0xe000, 0x0001, 0x0001, 0x0001, 0x0001, 0x0001, 0xc000, 0x8000, 0xc000, 0x8000, 0x8000,
0x000f, 0x000f, 0x000f, 0x000f, 0x000f, 0xf800, 0xf800, 0xf800, 0xf800, 0xf800, 0x0007, 0x0006, 0x0000, 0x0007, 0x0007, 0xf000, 0x5000, 0x0000, 0xf000, 0xf000,
0x0003, 0x0002, 0x0001, 0x0003, 0x0003, 0xe000, 0x2000, 0xe000, 0xe000, 0xe000, 0x0001, 0x0000, 0x0001, 0x0001, 0x0001, 0xc000, 0x0000, 0xc000, 0xc000, 0xc000,
0x007f, 0x003f, 0x007f, 0x007f, 0x007f, 0xfe00, 0xfe00, 0xfe00, 0xfe00, 0xfe00, 0x003f, 0x003e, 0x0000, 0x003f, 0x003f, 0xfc00, 0x5c00, 0x0000, 0xfc00, 0xfc00,
0x000f, 0x000c, 0x0003, 0x000f, 0x000f, 0xf000, 0x3000, 0xe000, 0xf000, 0xf000, 0x0007, 0x0004, 0x0003, 0x0007, 0x0007, 0xf000, 0x1000, 0xe000, 0xf000, 0xf000,
0x01ff, 0x00ff, 0x01ff, 0x01ff, 0x01ff, 0xff80, 0xff80, 0xff80, 0xff80, 0xff80, 0x01ff, 0x0000, 0x01ff, 0x01ff, 0x01ff, 0xffc0, 0x0000, 0xffc0, 0xffc0, 0xffc0,
0x003f, 0x003a, 0x0000, 0x003f, 0x003f, 0xfe00, 0x3e00, 0x0000, 0xfe00, 0xfe00, 0x001f, 0x001c, 0x0007, 0x001f, 0x001f, 0xf800, 0x2800, 0xf000, 0xf800, 0xf800,
0x000f, 0x000f, 0x0007, 0x000f, 0x000f, 0xf000, 0xe000, 0xf000, 0xf000, 0xf000, 0x03ff, 0x03ff, 0x03ff, 0x03ff, 0x03ff, 0xffe0, 0xffc0, 0xffe0, 0xffe0, 0xffe0,
0x07ff, 0x0000, 0x07ff, 0x07ff, 0x07ff, 0xffe0, 0x0000, 0xffe0, 0xffe0, 0xffe0, 0x00ff, 0x00f4, 0x0000, 0x00ff, 0x00ff, 0xff00, 0x5f00, 0x0000, 0xff00, 0xff00,
0x003f, 0x003c, 0x0007, 0x003f, 0x003f, 0xfe00, 0x1e00, 0xf000, 0xfe00, 0xfe00, 0x001f, 0x0010, 0x000f, 0x001f, 0x001f, 0xf800, 0x0800, 0xf000, 0xf800, 0xf800,
0x000f, 0x000a, 0x0007, 0x000a, 0x000a, 0xf000, 0xe000, 0xf000, 0xe000, 0xe000, 0x3fff, 0x1fff, 0x3fff, 0x3fff, 0x3fff, 0xfff8, 0xfff8, 0xfff8, 0xfff8, 0xfff8,
0x3fff, 0x0000, 0x3fff, 0x3fff, 0x3fff, 0xfffc, 0x0000, 0xfffc, 0xfffc, 0xfffc, 0x0fff, 0x07d8, 0x0800, 0x0fff, 0x0fff, 0xffe0, 0x13e0, 0x0000, 0xffe0, 0xffe0,
0x03ff, 0x03f0, 0x000f, 0x03ff, 0x03ff, 0xff80, 0x3f80, 0xc000, 0xff80, 0xff80, 0x007f, 0x0078, 0x001f, 0x007f, 0x007f, 0xfe00, 0x1e00, 0xf800, 0xfe00, 0xfe00,
0x003f, 0x0000, 0x003f, 0x003f, 0x003f, 0xfc00, 0x0400, 0xf800, 0xfc00, 0xfc00, 0x003f, 0x001d, 0x003f, 0x003f, 0x003f, 0xfc00, 0xfc00, 0xf800, 0xfc00, 0xfc00,
0x7fff, 0x7fff, 0x7fff, 0x7fff, 0x7fff, 0xffff, 0xffff, 0xffff, 0xffff, 0xffff, 0xffff, 0x0000, 0xffff, 0xffff, 0xffff, 0xffff, 0x0000, 0xffff, 0xffff, 0xffff,
0x1fff, 0x1f98, 0x0000, 0x1fff, 0x1fff, 0xfffc, 0x09f8, 0x0004, 0xfffc, 0xfffc, 0x07ff, 0x07fc, 0x0003, 0x07ff, 0x07ff, 0xffe0, 0x1fe0, 0xe000, 0xffe0, 0xffe0,
0x01ff, 0x01e8, 0x001f, 0x01ff, 0x01ff, 0xffc0, 0x0fc0, 0xf800, 0xffc0, 0xffc0, 0x00ff, 0x00f8, 0x001f, 0x00ff, 0x00ff, 0xff80, 0x1d80, 0xfe00, 0xff80, 0xff80,
0x003f, 0x0020, 0x001f, 0x003f, 0x003f, 0xfe00, 0x0000, 0xfe00, 0xfe00, 0xfe00, 0x003f, 0x0036, 0x003f, 0x0036, 0x0036, 0xfc00, 0xe800, 0xfc00, 0xec00, 0xec00,
0x0000, 0x0000, 0x0000, 0x0000, 0x0000, 0xffff, 0xffff, 0xffff, 0xffff, 0xffff, 0xffff, 0xffff, 0xffff, 0xffff, 0xffff, 0xc000, 0xc000, 0xc000, 0xc000, 0xc000,
0x0001, 0x0000, 0x0001, 0x0001, 0x0001, 0xffff, 0x0000, 0xffff, 0xffff, 0xffff, 0xffff, 0x0000, 0xffff, 0xffff, 0xffff, 0xc000, 0x0000, 0xc000, 0xc000, 0xc000,
0x0000, 0x0000, 0x0000, 0x0000, 0x0000, 0x3fff, 0x1f98, 0x2000, 0x3fff, 0x3fff, 0xfffe, 0x04fc, 0x0002, 0xfffe, 0xfffe, 0x0000, 0x0000, 0x0000, 0x0000, 0x0000,
0x0000, 0x0000, 0x0000, 0x0000, 0x0000, 0x07ff, 0x07fc, 0x0003, 0x07ff, 0x07ff, 0xfff8, 0x0ff8, 0xf000, 0xfff8, 0xfff8, 0x0000, 0x0000, 0x0000, 0x0000, 0x0000,
0x0000, 0x0000, 0x0000, 0x0000, 0x0000, 0x03ff, 0x03e8, 0x001f, 0x03ff, 0x03ff, 0xffe0, 0x07e0, 0xfc00, 0xffe0, 0xffe0, 0x0000, 0x0000, 0x0000, 0x0000, 0x0000,
0x0000, 0x0000, 0x0000, 0x0000, 0x0000, 0x00ff, 0x00f8, 0x001f, 0x00ff, 0x00ff, 0xffc0, 0x0ec0, 0xff00, 0xffc0, 0xffc0, 0x0000, 0x0000, 0x0000, 0x0000, 0x0000,
0x0000, 0x0000, 0x0000, 0x0000, 0x0000, 0x007f, 0x0000, 0x007f, 0x007f, 0x007f, 0xff80, 0x0180, 0xfe00, 0xff80, 0xff80, 0x0000, 0x0000, 0x0000, 0x0000, 0x0000,
0x0000, 0x0000, 0x0000, 0x0000, 0x0000, 0x003f, 0x0000, 0x003f, 0x003f, 0x003f, 0xff00, 0x0000, 0xff00, 0xff00, 0xff00, 0x0000, 0x0000, 0x0000, 0x0000, 0x0000,
0x0000, 0x0000, 0x0000, 0x0000, 0x0000, 0x003f, 0x0037, 0x003f, 0x0037, 0x0037, 0xfe00, 0xf400, 0xfe00, 0xf600, 0xf600, 0x0000, 0x0000, 0x0000, 0x0000, 0x0000,
0x0007, 0x0003, 0x0007, 0x0007, 0x0007, 0xe000, 0xe000, 0xe000, 0xe000, 0xe000, 0x0001, 0x0000, 0x0001, 0x0001, 0x0001, 0xc000, 0xc000, 0x0000, 0xc000, 0xc000,
0x001f, 0x000f, 0x001f, 0x001f, 0x001f, 0xf800, 0x7800, 0xf800, 0xf800, 0xf800, 0x0007, 0x0007, 0x0000, 0x0007, 0x0007, 0xf000, 0x7000, 0x8000, 0x7000, 0x7000,
0x0003, 0x0000, 0x0003, 0x0003, 0x0003, 0xe000, 0xa000, 0x4000, 0x6000, 0x6000, 0x007f, 0x003f, 0x007f, 0x007f, 0x007f, 0xfe00, 0xfe00, 0xfe00, 0xfe00, 0xfe00,
0x003f, 0x003e, 0x0000, 0x003f, 0x003f, 0xfc00, 0x5c00, 0x0000, 0xfc00, 0xfc00, 0x000f, 0x000c, 0x0003, 0x000f, 0x000f, 0xf800, 0x1800, 0xe000, 0xf800, 0xf800,
0x0007, 0x0000, 0x0007, 0x0007, 0x0007, 0xf000, 0x3000, 0xc000, 0xf000, 0xf000, 0x00ff, 0x00ff, 0x00ff, 0x00ff, 0x00ff, 0xff80, 0xff80, 0xff80, 0xff80, 0xff80,
0x01ff, 0x0000, 0x01ff, 0x01ff, 0x01ff, 0xff80, 0x0000, 0xff80, 0xff80, 0xff80, 0x003f, 0x003a, 0x0000, 0x003f, 0x003f, 0xfe00, 0x3e00, 0x0000, 0xfe00, 0xfe00,
0x001f, 0x0010, 0x000f, 0x001f, 0x001f, 0xf800, 0x0800, 0xf000, 0xf800, 0xf800, 0x0007, 0x0000, 0x0007, 0x0007, 0x0007, 0xf000, 0x3000, 0xc000, 0xf000, 0xf000,
0x07ff, 0x03ff, 0x07ff, 0x07ff, 0x07ff, 0xffc0, 0xffc0, 0xffc0, 0xffc0, 0xffc0, 0x07ff, 0x0000, 0x07ff, 0x07ff, 0x07ff, 0xffe0, 0x0000, 0xffe0, 0xffe0, 0xffe0,
0x00ff, 0x00f4, 0x0000, 0x00ff, 0x00ff, 0xff00, 0x2700, 0x0000, 0xff00, 0xff00, 0x007f, 0x0070, 0x000f, 0x007f, 0x007f, 0xfc00, 0x0c00, 0xf000, 0xfc00, 0xfc00,
0x001f, 0x0000, 0x001f, 0x001f, 0x001f, 0xf800, 0x3800, 0xc000, 0xf800, 0xf800, 0x1fff, 0x1fff, 0x1fff, 0x1fff, 0x1fff, 0xfffc, 0xfff8, 0xfffc, 0xfffc, 0xfffc,
0x3fff, 0x0000, 0x3fff, 0x3fff, 0x3fff, 0xfffc, 0x0000, 0xfffc, 0xfffc, 0xfffc, 0x07ff, 0x0788, 0x0000, 0x07ff, 0x07ff, 0xfff0, 0x11e0, 0x0010, 0xfff0, 0xfff0,
0x01ff, 0x01ff, 0x0000, 0x01ff, 0x01ff, 0xffc0, 0xffc0, 0x0000, 0xffc0, 0xffc0, 0x007f, 0x0070, 0x000f, 0x007f, 0x007f, 0xfe00, 0x0600, 0xf800, 0xfe00, 0xfe00,
0x003f, 0x0000, 0x003f, 0x003f, 0x003f, 0xfc00, 0x1c00, 0xe000, 0xfc00, 0xfc00, 0xffff, 0xffff, 0xffff, 0xffff, 0xffff, 0xfffe, 0xfffe, 0xfffe, 0xfffe, 0xfffe,
0xffff, 0x0000, 0xffff, 0xffff, 0xffff, 0xffff, 0x0000, 0xffff, 0xffff, 0xffff, 0x1fff, 0x1e10, 0x0000, 0x1fff, 0x1fff, 0xfff8, 0x18f8, 0x0000, 0xfff8, 0xfff8,
0x07ff, 0x070a, 0x0010, 0x07ff, 0x07ff, 0xffe0, 0xc1e0, 0x1000, 0xffe0, 0xffe0, 0x03ff, 0x0380, 0x007f, 0x03ff, 0x03ff, 0xff80, 0x0380, 0xfc00, 0xff80, 0xff80,
0x01ff, 0x0100, 0x00ff, 0x01ff, 0x01ff, 0xff00, 0x0f00, 0xf000, 0xff00, 0xff00, 0x00ff, 0x0080, 0x007f, 0x00ff, 0x00ff, 0xfe00, 0x7e00, 0x8000, 0xfe00, 0xfe00,
0x0001, 0x0001, 0x0001, 0x0001, 0x0001, 0xffff, 0xffff, 0xffff, 0xffff, 0xffff, 0xffff, 0xffff, 0xffff, 0xffff, 0xffff, 0x8000, 0x8000, 0x8000, 0x8000, 0x8000,
0x0001, 0x0000, 0x0001, 0x0001, 0x0001, 0xffff, 0x0000, 0xffff, 0xffff, 0xffff, 0xffff, 0x0000, 0xffff, 0xffff, 0xffff, 0xc000, 0x0000, 0xc000, 0xc000, 0xc000,
0x0000, 0x0000, 0x0000, 0x0000, 0x0000, 0x1fff, 0x1c30, 0x0000, 0x1fff, 0x1fff, 0xfffc, 0x043c, 0x0000, 0xfffc, 0xfffc, 0x0000, 0x0000, 0x0000, 0x0000, 0x0000,
0x0000, 0x0000, 0x0000, 0x0000, 0x0000, 0x0fff, 0x0e13, 0x0000, 0x0fff, 0x0fff, 0xfff0, 0x4c70, 0x0000, 0xfff0, 0xfff0, 0x0000, 0x0000, 0x0000, 0x0000, 0x0000,
0x0000, 0x0000, 0x0000, 0x0000, 0x0000, 0x03ff, 0x03e0, 0x001f, 0x03ff, 0x03ff, 0xffe0, 0x01e0, 0xfe00, 0xffe0, 0xffe0, 0x0000, 0x0000, 0x0000, 0x0000, 0x0000,
0x0000, 0x0000, 0x0000, 0x0000, 0x0000, 0x01ff, 0x0180, 0x007f, 0x01ff, 0x01ff, 0xff80, 0x0380, 0xfc00, 0xff80, 0xff80, 0x0000, 0x0000, 0x0000, 0x0000, 0x0000,
0x0000, 0x0000, 0x0000, 0x0000, 0x0000, 0x00ff, 0x0080, 0x007f, 0x00ff, 0x00ff, 0xff00, 0x0f00, 0xf000, 0xff00, 0xff00, 0x0000, 0x0000, 0x0000, 0x0000, 0x0000,
0x0000, 0x0000, 0x0000, 0x0000, 0x0000, 0x007f, 0x0000, 0x007f, 0x007f, 0x007f, 0xfe00, 0x3e00, 0xc000, 0xfe00, 0xfe00, 0x0000, 0x0000, 0x0000, 0x0000, 0x0000,
0x0006, 0x0002, 0x0006, 0x0006, 0x0006, 0x0006, 0x0002, 0x0006, 0x0006, 0x0006, 0x000c, 0x0008, 0x000c, 0x000c, 0x000c, 0x000c, 0x0004, 0x000c, 0x000c, 0x000c,
0x000c, 0x0004, 0x000c, 0x000c, 0x000c, 0x0020, 0x0020, 0x0020, 0x0020, 0x0020, 0x0070, 0x0070, 0x0030, 0x0070, 0x0070, 0x0060, 0x0060, 0x0020, 0x0060, 0x0060,
0x0070, 0x0030, 0x0070, 0x0070, 0x0070, 0x0080, 0x0080, 0x0080, 0x0080, 0x0080, 0x0080, 0x0000, 0x0080, 0x0080, 0x0080, 0x01c0, 0x0140, 0x00c0, 0x01c0, 0x01c0,
0x01c0, 0x0140, 0x00c0, 0x01c0, 0x01c0, 0x01c0, 0x0080, 0x0140, 0x01c0, 0x01c0, 0x0180, 0x0180, 0x0080, 0x0180, 0x0180, 0x0180, 0x0100, 0x0080, 0x0180, 0x0180,
0x01c0, 0x0140, 0x00c0, 0x01c0, 0x01c0, 0x03c0, 0x02c0, 0x01c0, 0x03c0, 0x03c0, 0x03c0, 0x0300, 0x00c0, 0x03c0, 0x03c0, 0x03c0, 0x02c0, 0x01c0, 0x03c0, 0x03c0,
0x03c0, 0x0340, 0x00c0, 0x03c0, 0x03c0, 0x0600, 0x0600, 0x0600, 0x0600, 0x0600, 0x0400, 0x0000, 0x0400, 0x0400, 0x0400, 0x0e00, 0x0200, 0x0e00, 0x0e00, 0x0e00,
0x0700, 0x0300, 0x0500, 0x0700, 0x0700, 0x0f80, 0x0b80, 0x0780, 0x0f80, 0x0f80, 0x0d00, 0x0800, 0x0500, 0x0d00, 0x0d00, 0x0f00, 0x0900, 0x0700, 0x0f00, 0x0f00,
0x0f80, 0x0b80, 0x0780, 0x0f80, 0x0f80, 0x1f00, 0x1400, 0x0b00, 0x1f00, 0x1f00, 0x1f00, 0x1900, 0x0700, 0x1f00, 0x1f00, 0x1800, 0x1800, 0x0800, 0x1800, 0x1800,
0x1800, 0x1000, 0x0800, 0x1800, 0x1800, 0x1800, 0x0800, 0x1800, 0x1800, 0x1800, 0x1e00, 0x1200, 0x0e00, 0x1e00, 0x1e00, 0x1e00, 0x1c00, 0x0a00, 0x1e00, 0x1e00,
0x3f00, 0x2f00, 0x1f00, 0x3f00, 0x3f00, 0x3e00, 0x3400, 0x0a00, 0x3e00, 0x3e00, 0x7c00, 0x6800, 0x1400, 0x7c00, 0x7c00, 0x3f00, 0x2700, 0x1f00, 0x3f00, 0x3f00,
0x7e00, 0x5800, 0x2600, 0x7e00, 0x7e00, 0x7f00, 0x4f00, 0x3f00, 0x7f00, 0x7f00, 0x0000, 0x0000, 0x0000, 0x0000, 0x0000, 0x3000, 0x3000, 0x3000, 0x3000, 0x3000,
0x0000, 0x0000, 0x0000, 0x0000, 0x0000, 0x2000, 0x0000, 0x2000, 0x2000, 0x2000, 0x0000, 0x0000, 0x0000, 0x0000, 0x0000, 0x2000, 0x0000, 0x2000, 0x2000, 0x2000,
0x0000, 0x0000, 0x0000, 0x0000, 0x0000, 0x7000, 0x1000, 0x7000, 0x7000, 0x7000, 0x0000, 0x0000, 0x0000, 0x0000, 0x0000, 0x3c00, 0x1c00, 0x2c00, 0x3c00, 0x3c00,
0x0000, 0x0000, 0x0000, 0x0000, 0x0000, 0x3800, 0x1000, 0x3800, 0x3800, 0x3800, 0x0000, 0x0000, 0x0000, 0x0000, 0x0000, 0x7c00, 0x5c00, 0x3c00, 0x7c00, 0x7c00,
0x0000, 0x0000, 0x0000, 0x0000, 0x0000, 0x6800, 0x4000, 0x2800, 0x6800, 0x6800, 0x0000, 0x0000, 0x0000, 0x0000, 0x0000, 0x7c00, 0x4c00, 0x3c00, 0x7c00, 0x7c00,
0x0000, 0x0000, 0x0000, 0x0000, 0x0000, 0xf800, 0xa000, 0x5800, 0xf800, 0xf800, 0x0000, 0x0000, 0x0000, 0x0000, 0x0000, 0x7c00, 0x5c00, 0x3c00, 0x7c00, 0x7c00,
0x0000, 0x0000, 0x0000, 0x0000, 0x0000, 0xf800, 0xa000, 0x5800, 0xf800, 0xf800, 0x0001, 0x0001, 0x0000, 0x0001, 0x0001, 0xfc00, 0xbc00, 0x7c00, 0xfc00, 0xfc00,
0x0000, 0x0000, 0x0000, 0x0000, 0x0000, 0xf800, 0xc800, 0x3800, 0xf800, 0xf800, 0x2000, 0x2000, 0x2000, 0x2000, 0x2000, 0x2000, 0x2000, 0x2000, 0x2000, 0x2000,
0x1800, 0x0800, 0x1800, 0x1800, 0x1800, 0x1800, 0x1000, 0x1800, 0x1800, 0x1800, 0x1800, 0x1000, 0x1800, 0x1800, 0x1800, 0x0600, 0x0400, 0x0600, 0x0600, 0x0600,
0x0600, 0x0600, 0x0600, 0x0600, 0x0600, 0x0600, 0x0600, 0x0400, 0x0600, 0x0600, 0x0600, 0x0400, 0x0600, 0x0600, 0x0600, 0x0100, 0x0100, 0x0100, 0x0100, 0x0100,
0x0100, 0x0000, 0x0100, 0x0100, 0x0100, 0x0380, 0x0280, 0x0300, 0x0380, 0x0380, 0x0380, 0x0280, 0x0300, 0x0380, 0x0380, 0x0380, 0x0100, 0x0280, 0x0380, 0x0380,
0x0180, 0x0180, 0x0100, 0x0180, 0x0180, 0x0180, 0x0080, 0x0100, 0x0180, 0x0180, 0x0380, 0x0280, 0x0300, 0x0380, 0x0380, 0x03c0, 0x0340, 0x0380, 0x03c0, 0x03c0,
0x03c0, 0x00c0, 0x0300, 0x03c0, 0x03c0, 0x03c0, 0x0340, 0x0380, 0x03c0, 0x03c0, 0x03c0, 0x02c0, 0x0300, 0x03c0, 0x03c0, 0x0030, 0x0030, 0x0020, 0x0030, 0x0030,
0x0030, 0x0010, 0x0020, 0x0030, 0x0030, 0x0030, 0x0020, 0x0030, 0x0030, 0x0030, 0x00f0, 0x00d0, 0x00e0, 0x00f0, 0x00f0, 0x00f8, 0x00a8, 0x00f0, 0x00f8, 0x00f8,
0x0078, 0x0018, 0x0060, 0x0078, 0x0078, 0x00f8, 0x0098, 0x00e0, 0x00f8, 0x00f8, 0x00f8, 0x00c8, 0x00f0, 0x00f8, 0x00f8, 0x007c, 0x0034, 0x0048, 0x007c, 0x007c,
0x007c, 0x005c, 0x0060, 0x007c, 0x007c, 0x0018, 0x0018, 0x0010, 0x0018, 0x0018, 0x0018, 0x0008, 0x0010, 0x0018, 0x0018, 0x0018, 0x0010, 0x0018, 0x0018, 0x0018,
0x0078, 0x0048, 0x0070, 0x0078, 0x0078, 0x0078, 0x0038, 0x0050, 0x0078, 0x0078, 0x00fc, 0x00f4, 0x00f8, 0x00fc, 0x00fc, 0x007c, 0x002c, 0x0050, 0x007c, 0x007c,
0x003e, 0x0016, 0x0028, 0x003e, 0x003e, 0x00fc, 0x00e4, 0x00f8, 0x00fc, 0x00fc, 0x007e, 0x001a, 0x0064, 0x007e, 0x007e, 0x00fe, 0x00f2, 0x00fc, 0x00fe, 0x00fe,
0x0006, 0x0006, 0x0006, 0x0006, 0x0006, 0x0000, 0x0000, 0x0000, 0x0000, 0x0000, 0x0002, 0x0000, 0x0002, 0x0002, 0x0002, 0x0000, 0x0000, 0x0000, 0x0000, 0x0000,
0x0002, 0x0000, 0x0002, 0x0002, 0x0002, 0x0000, 0x0000, 0x0000, 0x0000, 0x0000, 0x0007, 0x0004, 0x0007, 0x0007, 0x0007, 0x0000, 0x0000, 0x0000, 0x0000, 0x0000,
0x001e, 0x001c, 0x001a, 0x001e, 0x001e, 0x0000, 0x0000, 0x0000, 0x0000, 0x0000, 0x000e, 0x0004, 0x000e, 0x000e, 0x000e, 0x0000, 0x0000, 0x0000, 0x0000, 0x0000,
0x001f, 0x001d, 0x001e, 0x001f, 0x001f, 0x0000, 0x0000, 0x0000, 0x0000, 0x0000, 0x000b, 0x0001, 0x000a, 0x000b, 0x000b, 0x0000, 0x0000, 0x0000, 0x0000, 0x0000,
0x001f, 0x0019, 0x001e, 0x001f, 0x001f, 0x0000, 0x0000, 0x0000, 0x0000, 0x0000, 0x000f, 0x0002, 0x000d, 0x000f, 0x000f, 0x8000, 0x8000, 0x0000, 0x8000, 0x8000,
0x001f, 0x001d, 0x001e, 0x001f, 0x001f, 0x0000, 0x0000, 0x0000, 0x0000, 0x0000, 0x000f, 0x0002, 0x000d, 0x000f, 0x000f, 0x8000, 0x8000, 0x0000, 0x8000, 0x8000,
0x001f, 0x001e, 0x001f, 0x001f, 0x001f, 0xc000, 0xc000, 0x0000, 0xc000, 0xc000, 0x000f, 0x0009, 0x000e, 0x000f, 0x000f, 0x8000, 0x8000, 0x0000, 0x8000, 0x8000,
0x0001, 0x0001, 0x0000, 0x0001, 0x0001, 0xc000, 0xc000, 0x0000, 0xc000, 0xc000, 0x0003, 0x0002, 0x0000, 0x0003, 0x0003, 0xe000, 0x6000, 0x0000, 0xe000, 0xe000,
0x0007, 0x0006, 0x0000, 0x0007, 0x0007, 0xe000, 0x2000, 0x0000, 0xe000, 0xe000, 0x000f, 0x000c, 0x0000, 0x000f, 0x000f, 0xe000, 0x0000, 0x0000, 0xe000, 0xe000,
0x001f, 0x001c, 0x0006, 0x001f, 0x001f, 0xc000, 0x0000, 0x0000, 0xc000, 0xc000, 0x003f, 0x002e, 0x0018, 0x003f, 0x003f, 0x0000, 0x0000, 0x0000, 0x0000, 0x0000,
0x007c, 0x0018, 0x0030, 0x007c, 0x007c, 0x0000, 0x0000, 0x0000, 0x0000, 0x0000, 0x00f0, 0x00c0, 0x0060, 0x00f0, 0x00f0, 0x0000, 0x0000, 0x0000, 0x0000, 0x0000,
0x01c0, 0x00c0, 0x0080, 0x01c0, 0x01c0, 0x0000, 0x0000, 0x0000, 0x0000, 0x0000, 0x0100, 0x0100, 0x0100, 0x0100, 0x0100, 0x0000, 0x0000, 0x0000, 0x0000, 0x0000,
0x0003, 0x0003, 0x0000, 0x0003, 0x0003, 0xc000, 0xc000, 0x0000, 0xc000, 0xc000, 0x0007, 0x0002, 0x0000, 0x0007, 0x0007, 0xe000, 0x6000, 0x0000, 0xe000, 0xe000,
0x000f, 0x000e, 0x0000, 0x000f, 0x000f, 0xe000, 0x2000, 0x0000, 0xe000, 0xe000, 0x003f, 0x001c, 0x0004, 0x003f, 0x003f, 0xe000, 0x0000, 0x0000, 0xe000, 0xe000,
0x007f, 0x0076, 0x0018, 0x007f, 0x007f, 0xc000, 0x0000, 0x0000, 0xc000, 0xc000, 0x00fc, 0x00b8, 0x0060, 0x00fc, 0x00fc, 0x0000, 0x0000, 0x0000, 0x0000, 0x0000,
0x03e0, 0x00c0, 0x0180, 0x03e0, 0x03e0, 0x0000, 0x0000, 0x0000, 0x0000, 0x0000, 0x0700, 0x0200, 0x0600, 0x0700, 0x0700, 0x0000, 0x0000, 0x0000, 0x0000, 0x0000,
0x0001, 0x0001, 0x0000, 0x0001, 0x0001, 0xc000, 0xc000, 0x0000, 0xc000, 0xc000, 0x0007, 0x0002, 0x0000, 0x0007, 0x0007, 0xe000, 0x6000, 0x0000, 0xe000, 0xe000,
0x003f, 0x001e, 0x0000, 0x003f, 0x003f, 0xe000, 0x2000, 0x0000, 0xe000, 0xe000, 0x00ff, 0x0048, 0x003c, 0x00ff, 0x00ff, 0xe000, 0x0000, 0x0000, 0xe000, 0xe000,
0x03ff, 0x0098, 0x03e0, 0x03ff, 0x03ff, 0xc000, 0x0000, 0x0000, 0xc000, 0xc000, 0x0fe0, 0x0580, 0x0e00, 0x0fe0, 0x0fe0, 0x0000, 0x0000, 0x0000, 0x0000, 0x0000,
0x0000, 0x0000, 0x0000, 0x0000, 0x0000, 0x0400, 0x0000, 0x0400, 0x0400, 0x0400, 0x0000, 0x0000, 0x0000, 0x0000, 0x0000, 0x3dc0, 0x3dc0, 0x01c0, 0x3dc0, 0x3dc0,
0x0007, 0x0006, 0x0001, 0x0007, 0x0007, 0xffe0, 0x0000, 0xdfe0, 0xffe0, 0xffe0, 0x1fff, 0x1fff, 0x0000, 0x1fff, 0x1fff, 0xfffc, 0xfffc, 0x0000, 0xfffc, 0xfffc,
0x0000, 0x0000, 0x0000, 0x0000, 0x0000, 0x0100, 0x0000, 0x0100, 0x0100, 0x0100, 0x0000, 0x0000, 0x0000, 0x0000, 0x0000, 0x0778, 0x0400, 0x0778, 0x0778, 0x0778,
0x0000, 0x0000, 0x0000, 0x0000, 0x0000, 0x0f78, 0x0f78, 0x0078, 0x0f78, 0x0f78, 0x0000, 0x0000, 0x0000, 0x0000, 0x0000, 0x0ff8, 0x0000, 0x0ff8, 0x0ff8, 0x0ff8,
0x0007, 0x0003, 0x0000, 0x0007, 0x0007, 0xfffc, 0x0000, 0xfffc, 0xfffc, 0xfffc, 0x7fff, 0x7fff, 0x0000, 0x7fff, 0x7fff, 0xfffe, 0xfffe, 0x0000, 0xfffe, 0xfffe,
0x7fff, 0x3fff, 0x0000, 0x7fff, 0x7fff, 0xfffe, 0xfffe, 0x0000, 0xfffe, 0xfffe, 0x0000, 0x0000, 0x0000, 0x0000, 0x0000, 0x0000, 0x0000, 0x0000, 0x0000, 0x0000,
0x00c0, 0x0080, 0x00c0, 0x00c0, 0x00c0, 0x0000, 0x0000, 0x0000, 0x0000, 0x0000, 0x0000, 0x0000, 0x0000, 0x0000, 0x0000, 0x03da, 0x0200, 0x03da, 0x03da, 0x03da,
0x0000, 0x0000, 0x0000, 0x0000, 0x0000, 0x0000, 0x0000, 0x0000, 0x0000, 0x0000, 0x07da, 0x07da, 0x001a, 0x07da, 0x07da, 0x0000, 0x0000, 0x0000, 0x0000, 0x0000,
0x0000, 0x0000, 0x0000, 0x0000, 0x0000, 0x07fa, 0x0000, 0x07fa, 0x07fa, 0x07fa, 0x0000, 0x0000, 0x0000, 0x0000, 0x0000, 0x000f, 0x0007, 0x0002, 0x000d, 0x000f,
0xfffe, 0x0000, 0xeffe, 0xfffe, 0xfffe, 0x0003, 0x0003, 0x0000, 0x0003, 0x0003, 0xffff, 0xffff, 0x0000, 0xffff, 0xffff, 0xfffe, 0xfffe, 0x0000, 0xfffe, 0xfffe,
0x0003, 0x0001, 0x0000, 0x0003, 0x0003, 0xffff, 0xffff, 0x0000, 0xffff, 0xffff, 0xfffe, 0xfffe, 0x0000, 0xfffe, 0xfffe, 0x0000, 0x0000, 0x0000, 0x0000, 0x0000,
0x0000, 0x0000, 0x0000, 0x0000, 0x0000, 0x000c, 0x0008, 0x000c, 0x000c, 0x000c, 0x0000, 0x0000, 0x0000, 0x0000, 0x0000, 0x0000, 0x0000, 0x0000, 0x0000, 0x0000,
0x0000, 0x0000, 0x0000, 0x0000, 0x0000, 0x003c, 0x0020, 0x003c, 0x003c, 0x003c, 0x8000, 0x0000, 0x8000, 0x8000, 0x8000, 0x0000, 0x0000, 0x0000, 0x0000, 0x0000,
0x0000, 0x0000, 0x0000, 0x0000, 0x0000, 0x00fe, 0x007e, 0x0080, 0x00fe, 0x00fe, 0x8000, 0x8000, 0x8000, 0x8000, 0x8000, 0x0000, 0x0000, 0x0000, 0x0000, 0x0000,
0x0000, 0x0000, 0x0000, 0x0000, 0x0000, 0x00ff, 0x0080, 0x00ff, 0x00ff, 0x00ff, 0x8000, 0x0000, 0x8000, 0x8000, 0x8000, 0x0000, 0x0000, 0x0000, 0x0000, 0x0000,
0x000f, 0x0000, 0x000f, 0x000f, 0x000f, 0xffff, 0x0000, 0xffff, 0xffff, 0xffff, 0x8000, 0x0000, 0x8000, 0x8000, 0x8000, 0x0000, 0x0000, 0x0000, 0x0000, 0x0000,
0x0783, 0x0401, 0x0380, 0x0783, 0x0783, 0xffff, 0xc000, 0xbdff, 0x7fff, 0xffff, 0x8000, 0x0000, 0x8000, 0x8000, 0x8000, 0x000f, 0x000f, 0x0000, 0x000f, 0x000f,
0xffff, 0xffff, 0x0000, 0xffff, 0xffff, 0xffff, 0xffff, 0x0000, 0xffff, 0xffff, 0x8000, 0x8000, 0x0000, 0x8000, 0x8000, 0x0007, 0x0007, 0x0000, 0x0007, 0x0007,
0xffff, 0xffff, 0x0000, 0xffff, 0xffff, 0xffff, 0xffff, 0x0000, 0xffff, 0xffff, 0x8000, 0x8000, 0x0000, 0x8000, 0x8000, 0x0007, 0x0007, 0x0000, 0x0007, 0x0007,
0xffff, 0xffff, 0x0000, 0xffff, 0xffff, 0xffff, 0xffff, 0x0000, 0xffff, 0xffff, 0x8000, 0x8000, 0x0000, 0x8000, 0x8000, 0x0000, 0x0000, 0x0000, 0x0000, 0x0000,
0x0000, 0x0000, 0x0000, 0x0000, 0x0000, 0x0000, 0x0000, 0x0000, 0x0000, 0x0000, 0x4000, 0x4000, 0x4000, 0x4000, 0x4000, 0x0000, 0x0000, 0x0000, 0x0000, 0x0000,
0x0000, 0x0000, 0x0000, 0x0000, 0x0000, 0x0000, 0x0000, 0x0000, 0x0000, 0x0000, 0x4000, 0x4000, 0x4000, 0x4000, 0x4000, 0x0000, 0x0000, 0x0000, 0x0000, 0x0000,
0x0000, 0x0000, 0x0000, 0x0000, 0x0000, 0x0003, 0x0002, 0x0003, 0x0003, 0x0003, 0xe000, 0x2000, 0xc000, 0xe000, 0xe000, 0x0000, 0x0000, 0x0000, 0x0000, 0x0000,
0x0000, 0x0000, 0x0000, 0x0000, 0x0000, 0x001f, 0x0010, 0x001f, 0x001f, 0x001f, 0xf000, 0x0000, 0xf000, 0xf000, 0xf000, 0x0000, 0x0000, 0x0000, 0x0000, 0x0000,
0x0000, 0x0000, 0x0000, 0x0000, 0x0000, 0x001f, 0x000f, 0x0010, 0x001f, 0x001f, 0xf000, 0xf000, 0x0000, 0xf000, 0xf000, 0x0000, 0x0000, 0x0000, 0x0000, 0x0000,
0x0000, 0x0000, 0x0000, 0x0000, 0x0000, 0x001f, 0x0010, 0x001f, 0x001f, 0x001f, 0xf000, 0x0000, 0xf000, 0xf000, 0xf000, 0x0000, 0x0000, 0x0000, 0x0000, 0x0000,
0x0003, 0x0000, 0x0003, 0x0003, 0x0003, 0xffff, 0x0000, 0xffff, 0xffff, 0xffff, 0xf000, 0x0000, 0xf000, 0xf000, 0xf000, 0x0000, 0x0000, 0x0000, 0x0000, 0x0000,
0x0001, 0x0000, 0x0000, 0x0001, 0x0001, 0xffff, 0xf200, 0xafb7, 0x5dff, 0xffff, 0xf000, 0x0000, 0xf000, 0xf000, 0xf000, 0x0000, 0x0000, 0x0000, 0x0000, 0x0000,
0x07f9, 0x0008, 0x00f0, 0x07f9, 0x07f9, 0xffff, 0x7000, 0x0fff, 0xffff, 0xffff, 0xf000, 0x0000, 0xf000, 0xf000, 0xf000, 0x003f, 0x003f, 0x0000, 0x003f, 0x003f,
0xffff, 0xffff, 0x0000, 0xffff, 0xffff, 0xffff, 0xffff, 0x0000, 0xffff, 0xffff, 0xf000, 0xf000, 0x0000, 0xf000, 0xf000, 0x001f, 0x001f, 0x0000, 0x001f, 0x001f,
0xffff, 0xffff, 0x0000, 0xffff, 0xffff, 0xffff, 0xffff, 0x0000, 0xffff, 0xffff, 0xf000, 0xf000, 0x0000, 0xf000, 0xf000, 0x000f, 0x000f, 0x0000, 0x000f, 0x000f,
0xffff, 0xffff, 0x0000, 0xffff, 0xffff, 0xffff, 0xffff, 0x0000, 0xffff, 0xffff, 0xf000, 0xf000, 0x0000, 0xf000, 0xf000, 0x0000, 0x0000, 0x0000, 0x0000, 0x0000,
0x0000, 0x0000, 0x0000, 0x0000, 0x0000, 0x0000, 0x0000, 0x0000, 0x0000, 0x0000, 0x0800, 0x0800, 0x0800, 0x0800, 0x0800, 0x0000, 0x0000, 0x0000, 0x0000, 0x0000,
0x0000, 0x0000, 0x0000, 0x0000, 0x0000, 0x0000, 0x0000, 0x0000, 0x0000, 0x0000, 0x0800, 0x0800, 0x0800, 0x0800, 0x0800, 0x0000, 0x0000, 0x0000, 0x0000, 0x0000,
0x0000, 0x0000, 0x0000, 0x0000, 0x0000, 0x0000, 0x0000, 0x0000, 0x0000, 0x0000, 0xf800, 0x8000, 0xf800, 0xf800, 0xf800, 0x0000, 0x0000, 0x0000, 0x0000, 0x0000,
0x0000, 0x0000, 0x0000, 0x0000, 0x0000, 0x0003, 0x0002, 0x0003, 0x0003, 0x0003, 0xf800, 0x0000, 0xf800, 0xf800, 0xf800, 0x0000, 0x0000, 0x0000, 0x0000, 0x0000,
0x0000, 0x0000, 0x0000, 0x0000, 0x0000, 0x0007, 0x0004, 0x0007, 0x0007, 0x0007, 0xf800, 0x0000, 0xf800, 0xf800, 0xf800, 0x0000, 0x0000, 0x0000, 0x0000, 0x0000,
0x0000, 0x0000, 0x0000, 0x0000, 0x0000, 0x0003, 0x0001, 0x0002, 0x0003, 0x0003, 0xf800, 0xf800, 0x0000, 0xf800, 0xf800, 0x0000, 0x0000, 0x0000, 0x0000, 0x0000,
0x0000, 0x0000, 0x0000, 0x0000, 0x0000, 0x0003, 0x0002, 0x0003, 0x0003, 0x0003, 0xf800, 0x0000, 0xf800, 0xf800, 0xf800, 0x0000, 0x0000, 0x0000, 0x0000, 0x0000,
0x0000, 0x0000, 0x0000, 0x0000, 0x0000, 0x007f, 0x0040, 0x007f, 0x007f, 0x007f, 0xf800, 0x0000, 0xf800, 0xf800, 0xf800, 0x0000, 0x0000, 0x0000, 0x0000, 0x0000,
0x0001, 0x0000, 0x0001, 0x0001, 0x0001, 0xffff, 0x0000, 0xffff, 0xffff, 0xffff, 0xf800, 0x0000, 0xf800, 0xf800, 0xf800, 0x0000, 0x0000, 0x0000, 0x0000, 0x0000,
0x0000, 0x0000, 0x0000, 0x0000, 0x0000, 0x7fff, 0x2c80, 0x0bf7, 0x777f, 0x7fff, 0xf800, 0x0000, 0xf800, 0xf800, 0xf800, 0x0000, 0x0000, 0x0000, 0x0000, 0x0000,
0x03fc, 0x0004, 0x0078, 0x03fc, 0x03fc, 0x7fff, 0x3c00, 0x07ff, 0x7bff, 0x7fff, 0xf800, 0x0000, 0xf800, 0xf800, 0xf800, 0x007f, 0x007f, 0x0000, 0x007f, 0x007f,
0xffff, 0xffff, 0x0000, 0xffff, 0xffff, 0xffff, 0xffff, 0x0000, 0xffff, 0xffff, 0xf800, 0xf800, 0x0000, 0xf800, 0xf800, 0x003f, 0x003f, 0x0000, 0x003f, 0x003f,
0xffff, 0xffff, 0x0000, 0xffff, 0xffff, 0xffff, 0xffff, 0x0000, 0xffff, 0xffff, 0xf800, 0xf800, 0x0000, 0xf800, 0xf800, 0x003f, 0x003f, 0x0000, 0x003f, 0x003f,
0xffff, 0xffff, 0x0000, 0xffff, 0xffff, 0xffff, 0xffff, 0x0000, 0xffff, 0xffff, 0xf800, 0xf800, 0x0000, 0xf800, 0xf800, 0x001f, 0x001f, 0x0000, 0x001f, 0x001f,
0xffff, 0xffff, 0x0000, 0xffff, 0xffff, 0xffff, 0xffff, 0x0000, 0xffff, 0xffff, 0xf800, 0xf800, 0x0000, 0xf800, 0xf800, 0x0000, 0x0000, 0x0000, 0x0000, 0x0000,
0x0000, 0x0000, 0x0000, 0x0000, 0x0000, 0x0000, 0x0000, 0x0000, 0x0000, 0x0000, 0x3c00, 0x2000, 0x3c00, 0x3c00, 0x3c00, 0x0000, 0x0000, 0x0000, 0x0000, 0x0000,
0x0000, 0x0000, 0x0000, 0x0000, 0x0000, 0x0000, 0x0000, 0x0000, 0x0000, 0x0000, 0x0c00, 0x0c00, 0x0000, 0x0c00, 0x0c00, 0x0000, 0x0000, 0x0000, 0x0000, 0x0000,
0x0000, 0x0000, 0x0000, 0x0000, 0x0000, 0x0000, 0x0000, 0x0000, 0x0000, 0x0000, 0xfc00, 0x8000, 0xfc00, 0xfc00, 0xfc00, 0x0000, 0x0000, 0x0000, 0x0000, 0x0000,
0x0000, 0x0000, 0x0000, 0x0000, 0x0000, 0x0000, 0x0000, 0x0000, 0x0000, 0x0000, 0x7c00, 0x3c00, 0x4000, 0x7c00, 0x7c00, 0x0000, 0x0000, 0x0000, 0x0000, 0x0000,
0x0000, 0x0000, 0x0000, 0x0000, 0x0000, 0x0000, 0x0000, 0x0000, 0x0000, 0x0000, 0x7c00, 0x4000, 0x7c00, 0x7c00, 0x7c00, 0x0000, 0x0000, 0x0000, 0x0000, 0x0000,
0x0000, 0x0000, 0x0000, 0x0000, 0x0000, 0x001f, 0x0010, 0x001f, 0x001f, 0x001f, 0xfc00, 0x0000, 0xfc00, 0xfc00, 0xfc00, 0x0000, 0x0000, 0x0000, 0x0000, 0x0000,
0x0000, 0x0000, 0x0000, 0x0000, 0x0000, 0x01ef, 0x01e7, 0x0008, 0x01ef, 0x01ef, 0xfc00, 0xfc00, 0x0000, 0xfc00, 0xfc00, 0x0000, 0x0000, 0x0000, 0x0000, 0x0000,
0x0001, 0x0001, 0x0001, 0x0001, 0x0001, 0xffff, 0x0000, 0xffff, 0xffff, 0xffff, 0xfc00, 0x0000, 0xfc00, 0xfc00, 0xfc00, 0x0000, 0x0000, 0x0000, 0x0000, 0x0000,
0x0000, 0x0000, 0x0000, 0x0000, 0x0000, 0x3fff, 0x1f08, 0x14fe, 0x2bf7, 0x3fff, 0xfc00, 0x0000, 0xdc00, 0xfc00, 0xfc00, 0x0000, 0x0000, 0x0000, 0x0000, 0x0000,
0x00fd, 0x00c5, 0x00f9, 0x00fd, 0x00fd, 0xffff, 0x0000, 0xffff, 0xffff, 0xffff, 0xfc00, 0x0000, 0xfc00, 0xfc00, 0xfc00, 0x0000, 0x0000, 0x0000, 0x0000, 0x0000,
0x07fc, 0x0004, 0x00f8, 0x07fc, 0x07fc, 0x3fff, 0x0f40, 0x01ff, 0x3eff, 0x3fff, 0xfc00, 0x0000, 0xfc00, 0xfc00, 0xfc00, 0x03ff, 0x03ff, 0x0000, 0x03ff, 0x03ff,
0xffff, 0xffff, 0x0000, 0xffff, 0xffff, 0xffff, 0xffff, 0x0000, 0xffff, 0xffff, 0xfc00, 0xfc00, 0x0000, 0xfc00, 0xfc00, 0x01ff, 0x01ff, 0x0000, 0x01ff, 0x01ff,
0xffff, 0xffff, 0x0000, 0xffff, 0xffff, 0xffff, 0xffff, 0x0000, 0xffff, 0xffff, 0xfc00, 0xfc00, 0x0000, 0xfc00, 0xfc00, 0x01ff, 0x01ff, 0x0000, 0x01ff, 0x01ff,
0xffff, 0xffff, 0x0000, 0xffff, 0xffff, 0xffff, 0xffff, 0x0000, 0xffff, 0xffff, 0xfc00, 0xfc00, 0x0000, 0xfc00, 0xfc00, 0x00ff, 0x00ff, 0x0000, 0x00ff, 0x00ff,
0xffff, 0xffff, 0x0000, 0xffff, 0xffff, 0xffff, 0xffff, 0x0000, 0xffff, 0xffff, 0xfc00, 0xfc00, 0x0000, 0xfc00, 0xfc00, 0x00ff, 0x00ff, 0x0000, 0x00ff, 0x00ff,
0xffff, 0xffff, 0x0000, 0xffff, 0xffff, 0xffff, 0xffff, 0x0000, 0xffff, 0xffff, 0xfc00, 0xfc00, 0x0000, 0xfc00, 0xfc00, 0x0000, 0x0000, 0x0000, 0x0000, 0x0000,
0x0000, 0x0000, 0x0000, 0x0000, 0x0000, 0x0000, 0x0000, 0x0000, 0x0000, 0x0000, 0x0300, 0x0200, 0x0300, 0x0300, 0x0300, 0x0000, 0x0000, 0x0000, 0x0000, 0x0000,
0x0000, 0x0000, 0x0000, 0x0000, 0x0000, 0x0000, 0x0000, 0x0000, 0x0000, 0x0000, 0x0000, 0x0000, 0x0000, 0x0000, 0x0000, 0x0000, 0x0000, 0x0000, 0x0000, 0x0000,
0x0000, 0x0000, 0x0000, 0x0000, 0x0000, 0x0000, 0x0000, 0x0000, 0x0000, 0x0000, 0x0f00, 0x0800, 0x0f00, 0x0f00, 0x0f00, 0x0000, 0x0000, 0x0000, 0x0000, 0x0000,
0x0000, 0x0000, 0x0000, 0x0000, 0x0000, 0x0000, 0x0000, 0x0000, 0x0000, 0x0000, 0x0700, 0x0300, 0x0400, 0x0700, 0x0700, 0x0000, 0x0000, 0x0000, 0x0000, 0x0000,
0x0000, 0x0000, 0x0000, 0x0000, 0x0000, 0x0000, 0x0000, 0x0000, 0x0000, 0x0000, 0x0700, 0x0400, 0x0700, 0x0700, 0x0700, 0x0000, 0x0000, 0x0000, 0x0000, 0x0000,
0x0000, 0x0000, 0x0000, 0x0000, 0x0000, 0x0000, 0x0000, 0x0000, 0x0000, 0x0000, 0x0700, 0x0400, 0x0700, 0x0700, 0x0700, 0x0000, 0x0000, 0x0000, 0x0000, 0x0000,
0x0000, 0x0000, 0x0000, 0x0000, 0x0000, 0x0001, 0x0001, 0x0001, 0x0001, 0x0001, 0xff00, 0x0000, 0xff00, 0xff00, 0xff00, 0x0000, 0x0000, 0x0000, 0x0000, 0x0000,
0x0000, 0x0000, 0x0000, 0x0000, 0x0000, 0x003e, 0x003e, 0x0000, 0x003e, 0x003e, 0xff00, 0x7f00, 0x8000, 0xff00, 0xff00, 0x0000, 0x0000, 0x0000, 0x0000, 0x0000,
0x0000, 0x0000, 0x0000, 0x0000, 0x0000, 0x3fff, 0x2010, 0x3fef, 0x3fff, 0x3fff, 0xff00, 0x0000, 0xff00, 0xff00, 0xff00, 0x0000, 0x0000, 0x0000, 0x0000, 0x0000,
0x0000, 0x0000, 0x0000, 0x0000, 0x0000, 0x07ff, 0x03e2, 0x029f, 0x057d, 0x07ff, 0xff00, 0x5000, 0xaa00, 0xff00, 0xff00, 0x0000, 0x0000, 0x0000, 0x0000, 0x0000,
0x001f, 0x0010, 0x001f, 0x001f, 0x001f, 0xbfff, 0xa010, 0x3fef, 0xbfff, 0xbfff, 0xff00, 0x0000, 0xff00, 0xff00, 0xff00, 0x0000, 0x0000, 0x0000, 0x0000, 0x0000,
0x01ff, 0x0000, 0x003f, 0x01ff, 0x01ff, 0x87ff, 0x81e4, 0x003f, 0x87df, 0x87ff, 0xff00, 0x0000, 0xff00, 0xff00, 0xff00, 0x01fc, 0x01fc, 0x0000, 0x01fc, 0x01fc,
0x01ff, 0x0000, 0x01ff, 0x01ff, 0x01ff, 0xffff, 0x3803, 0xc7fc, 0xffff, 0xffff, 0xff00, 0xc000, 0x3f00, 0xff00, 0xff00, 0x01ff, 0x01ff, 0x0000, 0x01ff, 0x01ff,
0xffff, 0xffff, 0x0000, 0xffff, 0xffff, 0xffff, 0xffff, 0x0000, 0xffff, 0xffff, 0xff00, 0xff00, 0x0000, 0xff00, 0xff00, 0x00ff, 0x00ff, 0x0000, 0x00ff, 0x00ff,
0xffff, 0xffff, 0x0000, 0xffff, 0xffff, 0xffff, 0xffff, 0x0000, 0xffff, 0xffff, 0xff00, 0xff00, 0x0000, 0xff00, 0xff00, 0x00ff, 0x00ff, 0x0000, 0x00ff, 0x00ff,
0xffff, 0xffff, 0x0000, 0xffff, 0xffff, 0xffff, 0xffff, 0x0000, 0xffff, 0xffff, 0xff00, 0xff00, 0x0000, 0xff00, 0xff00, 0x007f, 0x007f, 0x0000, 0x007f, 0x007f,
0xffff, 0xffff, 0x0000, 0xffff, 0xffff, 0xffff, 0xffff, 0x0000, 0xffff, 0xffff, 0xff00, 0xff00, 0x0000, 0xff00, 0xff00, 0x003f, 0x0000, 0x0000, 0x003f, 0x003f,
0xffff, 0x0000, 0x0000, 0xffff, 0xffff, 0xffff, 0x0000, 0x0000, 0xffff, 0xffff, 0xff00, 0x0000, 0x0000, 0xff00, 0xff00, 0x0040, 0x0000, 0x0040, 0x0040, 0x0040,
0x0000, 0x0000, 0x0000, 0x0000, 0x0000, 0x07f0, 0x07f0, 0x0700, 0x07f0, 0x07f0, 0x0000, 0x0000, 0x0000, 0x0000, 0x0000, 0x0fff, 0x0001, 0x0ff6, 0x0fff, 0x0fff,
0xc000, 0x8000, 0x0000, 0xc000, 0xc000, 0xffff, 0xffff, 0x0000, 0xffff, 0xffff, 0xfff0, 0xfff0, 0x0000, 0xfff0, 0xfff0, 0x0080, 0x0000, 0x0080, 0x0080, 0x0080,
0x0000, 0x0000, 0x0000, 0x0000, 0x0000, 0x14e0, 0x0020, 0x14e0, 0x14e0, 0x14e0, 0x0000, 0x0000, 0x0000, 0x0000, 0x0000, 0x15f0, 0x15f0, 0x1400, 0x15f0, 0x15f0,
0x0000, 0x0000, 0x0000, 0x0000, 0x0000, 0x17f0, 0x0000, 0x17f0, 0x17f0, 0x17f0, 0x0000, 0x0000, 0x0000, 0x0000, 0x0000, 0x7fff, 0x0000, 0x7fef, 0x7fff, 0x7fff,
0xe000, 0xc000, 0x0000, 0xe000, 0xe000, 0xffff, 0xffff, 0x0000, 0xffff, 0xffff, 0xfffe, 0xfffe, 0x0000, 0xfffe, 0xfffe, 0xffff, 0xffff, 0x0000, 0xffff, 0xffff,
0xfffc, 0xfffc, 0x0000, 0xfffc, 0xfffc, 0x0000, 0x0000, 0x0000, 0x0000, 0x0000, 0x1800, 0x0800, 0x1800, 0x1800, 0x1800, 0x0000, 0x0000, 0x0000, 0x0000, 0x0000,
0x0002, 0x0000, 0x0002, 0x0002, 0x0002, 0xde00, 0x0200, 0xde00, 0xde00, 0xde00, 0x0000, 0x0000, 0x0000, 0x0000, 0x0000, 0x0002, 0x0002, 0x0002, 0x0002, 0x0002,
0xdf00, 0xdf00, 0xc000, 0xdf00, 0xdf00, 0x0000, 0x0000, 0x0000, 0x0000, 0x0000, 0x0002, 0x0000, 0x0002, 0x0002, 0x0002, 0xff00, 0x0000, 0xff00, 0xff00, 0xff00,
0x0000, 0x0000, 0x0000, 0x0000, 0x0000, 0x0003, 0x0000, 0x0003, 0x0003, 0x0003, 0xffff, 0x0007, 0xffba, 0xfffd, 0xffff, 0x8000, 0x0000, 0x0000, 0x8000, 0x8000,
0x0003, 0x0003, 0x0000, 0x0003, 0x0003, 0xffff, 0xffff, 0x0000, 0xffff, 0xffff, 0xfffe, 0xfffe, 0x0000, 0xfffe, 0xfffe, 0x0003, 0x0003, 0x0000, 0x0003, 0x0003,
0xffff, 0xffff, 0x0000, 0xffff, 0xffff, 0xfffe, 0xfffc, 0x0000, 0xfffe, 0xfffe, 0x0000, 0x0000, 0x0000, 0x0000, 0x0000, 0x4000, 0x4000, 0x4000, 0x4000, 0x4000,
0x0000, 0x0000, 0x0000, 0x0000, 0x0000, 0x0000, 0x0000, 0x0000, 0x0000, 0x0000, 0x0006, 0x0000, 0x0006, 0x0006, 0x0006, 0x7800, 0x0800, 0x7800, 0x7800, 0x7800,
0x0000, 0x0000, 0x0000, 0x0000, 0x0000, 0x0000, 0x0000, 0x0000, 0x0000, 0x0000, 0x0006, 0x0006, 0x0006, 0x0006, 0x0006, 0xfe00, 0xfc00, 0x0200, 0xfe00, 0xfe00,
0x0000, 0x0000, 0x0000, 0x0000, 0x0000, 0x0000, 0x0000, 0x0000, 0x0000, 0x0000, 0x0007, 0x0000, 0x0007, 0x0007, 0x0007, 0xfe00, 0x0200, 0xfe00, 0xfe00, 0xfe00,
0x0000, 0x0000, 0x0000, 0x0000, 0x0000, 0x0000, 0x0000, 0x0000, 0x0000, 0x0000, 0x0007, 0x0000, 0x0007, 0x0007, 0x0007, 0xffff, 0x0000, 0xffff, 0xffff, 0xffff,
0xc000, 0x0000, 0xc000, 0xc000, 0xc000, 0x0000, 0x0000, 0x0000, 0x0000, 0x0000, 0x0007, 0x0000, 0x0007, 0x0007, 0x0007, 0xffff, 0x0045, 0xfff8, 0xffbf, 0xffff,
0x8780, 0x0400, 0x0380, 0x8780, 0x8780, 0x0000, 0x0000, 0x0000, 0x0000, 0x0000, 0x0007, 0x0007, 0x0000, 0x0007, 0x0007, 0xffff, 0xffff, 0x0000, 0xffff, 0xffff,
0xffff, 0xffff, 0x0000, 0xffff, 0xffff, 0xc000, 0xc000, 0x0000, 0xc000, 0xc000, 0x0007, 0x0007, 0x0000, 0x0007, 0x0007, 0xffff, 0xffff, 0x0000, 0xffff, 0xffff,
0xffff, 0xffff, 0x0000, 0xffff, 0xffff, 0xc000, 0xc000, 0x0000, 0xc000, 0xc000, 0x0007, 0x0007, 0x0000, 0x0007, 0x0007, 0xffff, 0xffff, 0x0000, 0xffff, 0xffff,
0xffff, 0xffff, 0x0000, 0xffff, 0xffff, 0x8000, 0x8000, 0x0000, 0x8000, 0x8000, 0x0018, 0x0008, 0x0018, 0x0018, 0x0018, 0x0000, 0x0000, 0x0000, 0x0000, 0x0000,
0x0000, 0x0000, 0x0000, 0x0000, 0x0000, 0x0000, 0x0000, 0x0000, 0x0000, 0x0000, 0x0018, 0x0008, 0x0018, 0x0018, 0x0018, 0x0000, 0x0000, 0x0000, 0x0000, 0x0000,
0x0000, 0x0000, 0x0000, 0x0000, 0x0000, 0x0000, 0x0000, 0x0000, 0x0000, 0x0000, 0x001f, 0x0001, 0x001f, 0x001f, 0x001f, 0x0000, 0x0000, 0x0000, 0x0000, 0x0000,
0x0000, 0x0000, 0x0000, 0x0000, 0x0000, 0x0000, 0x0000, 0x0000, 0x0000, 0x0000, 0x003f, 0x0000, 0x003f, 0x003f, 0x003f, 0xe000, 0x2000, 0xe000, 0xe000, 0xe000,
0x0000, 0x0000, 0x0000, 0x0000, 0x0000, 0x0000, 0x0000, 0x0000, 0x0000, 0x0000, 0x003f, 0x003f, 0x0000, 0x003f, 0x003f, 0xc000, 0x8000, 0x4000, 0xc000, 0xc000,
0x0000, 0x0000, 0x0000, 0x0000, 0x0000, 0x0000, 0x0000, 0x0000, 0x0000, 0x0000, 0x003f, 0x0000, 0x003f, 0x003f, 0x003f, 0xc000, 0x4000, 0xc000, 0xc000, 0xc000,
0x0000, 0x0000, 0x0000, 0x0000, 0x0000, 0x0000, 0x0000, 0x0000, 0x0000, 0x0000, 0x003f, 0x0000, 0x003f, 0x003f, 0x003f, 0xffff, 0x0000, 0xffff, 0xffff, 0xffff,
0x0000, 0x0000, 0x0000, 0x0000, 0x0000, 0x0000, 0x0000, 0x0000, 0x0000, 0x0000, 0x003f, 0x0000, 0x003f, 0x003f, 0x003f, 0xfffc, 0x0468, 0xefa0, 0xfbdc, 0xfffc,
0x0000, 0x0000, 0x0000, 0x0000, 0x0000, 0x0000, 0x0000, 0x0000, 0x0000, 0x0000, 0x003f, 0x0000, 0x003f, 0x003f, 0x003f, 0xfffc, 0x0078, 0xffc0, 0xffbc, 0xfffc,
0x7f00, 0x4000, 0x3800, 0x7f00, 0x7f00, 0x0000, 0x0000, 0x0000, 0x0000, 0x0000, 0x003f, 0x003f, 0x0000, 0x003f, 0x003f, 0xffff, 0xffff, 0x0000, 0xffff, 0xffff,
0xffff, 0xffff, 0x0000, 0xffff, 0xffff, 0xe000, 0xe000, 0x0000, 0xe000, 0xe000, 0x003f, 0x003f, 0x0000, 0x003f, 0x003f, 0xffff, 0xffff, 0x0000, 0xffff, 0xffff,
0xffff, 0xffff, 0x0000, 0xffff, 0xffff, 0xc000, 0xc000, 0x0000, 0xc000, 0xc000, 0x003f, 0x003f, 0x0000, 0x003f, 0x003f, 0xffff, 0xffff, 0x0000, 0xffff, 0xffff,
0xffff, 0xffff, 0x0000, 0xffff, 0xffff, 0xc000, 0xc000, 0x0000, 0xc000, 0xc000, 0x0010, 0x0010, 0x0010, 0x0010, 0x0010, 0x0000, 0x0000, 0x0000, 0x0000, 0x0000,
0x0000, 0x0000, 0x0000, 0x0000, 0x0000, 0x0000, 0x0000, 0x0000, 0x0000, 0x0000, 0x0010, 0x0010, 0x0010, 0x0010, 0x0010, 0x0000, 0x0000, 0x0000, 0x0000, 0x0000,
0x0000, 0x0000, 0x0000, 0x0000, 0x0000, 0x0000, 0x0000, 0x0000, 0x0000, 0x0000, 0x001f, 0x0001, 0x001f, 0x001f, 0x001f, 0x0000, 0x0000, 0x0000, 0x0000, 0x0000,
0x0000, 0x0000, 0x0000, 0x0000, 0x0000, 0x0000, 0x0000, 0x0000, 0x0000, 0x0000, 0x001f, 0x0000, 0x001f, 0x001f, 0x001f, 0xc000, 0x4000, 0xc000, 0xc000, 0xc000,
0x0000, 0x0000, 0x0000, 0x0000, 0x0000, 0x0000, 0x0000, 0x0000, 0x0000, 0x0000, 0x001f, 0x0000, 0x001f, 0x001f, 0x001f, 0xe000, 0x2000, 0xe000, 0xe000, 0xe000,
0x0000, 0x0000, 0x0000, 0x0000, 0x0000, 0x0000, 0x0000, 0x0000, 0x0000, 0x0000, 0x001f, 0x001f, 0x0000, 0x001f, 0x001f, 0xc000, 0x8000, 0x4000, 0xc000, 0xc000,
0x0000, 0x0000, 0x0000, 0x0000, 0x0000, 0x0000, 0x0000, 0x0000, 0x0000, 0x0000, 0x001f, 0x0000, 0x001f, 0x001f, 0x001f, 0xc000, 0x4000, 0xc000, 0xc000, 0xc000,
0x0000, 0x0000, 0x0000, 0x0000, 0x0000, 0x0000, 0x0000, 0x0000, 0x0000, 0x0000, 0x001f, 0x0000, 0x001f, 0x001f, 0x001f, 0xfe00, 0x0200, 0xfe00, 0xfe00, 0xfe00,
0x0000, 0x0000, 0x0000, 0x0000, 0x0000, 0x0000, 0x0000, 0x0000, 0x0000, 0x0000, 0x001f, 0x0000, 0x001f, 0x001f, 0x001f, 0xffff, 0x0000, 0xffff, 0xffff, 0xffff,
0x8000, 0x0000, 0x8000, 0x8000, 0x8000, 0x0000, 0x0000, 0x0000, 0x0000, 0x0000, 0x001f, 0x0000, 0x001f, 0x001f, 0x001f, 0xfffe, 0x0134, 0xefd0, 0xfeee, 0xfffe,
0x0000, 0x0000, 0x0000, 0x0000, 0x0000, 0x0000, 0x0000, 0x0000, 0x0000, 0x0000, 0x001f, 0x0000, 0x001f, 0x001f, 0x001f, 0xfffe, 0x003c, 0xffe0, 0xffde, 0xfffe,
0x3fc0, 0x2000, 0x1e00, 0x3fc0, 0x3fc0, 0x0000, 0x0000, 0x0000, 0x0000, 0x0000, 0x001f, 0x001f, 0x0000, 0x001f, 0x001f, 0xffff, 0xffff, 0x0000, 0xffff, 0xffff,
0xffff, 0xffff, 0x0000, 0xffff, 0xffff, 0xfe00, 0xfe00, 0x0000, 0xfe00, 0xfe00, 0x001f, 0x001f, 0x0000, 0x001f, 0x001f, 0xffff, 0xffff, 0x0000, 0xffff, 0xffff,
0xffff, 0xffff, 0x0000, 0xffff, 0xffff, 0xfc00, 0xfc00, 0x0000, 0xfc00, 0xfc00, 0x001f, 0x001f, 0x0000, 0x001f, 0x001f, 0xffff, 0xffff, 0x0000, 0xffff, 0xffff,
0xffff, 0xffff, 0x0000, 0xffff, 0xffff, 0xfc00, 0xfc00, 0x0000, 0xfc00, 0xfc00, 0x001f, 0x001f, 0x0000, 0x001f, 0x001f, 0xffff, 0xffff, 0x0000, 0xffff, 0xffff,
0xffff, 0xffff, 0x0000, 0xffff, 0xffff, 0xf800, 0xf800, 0x0000, 0xf800, 0xf800, 0x007c, 0x0004, 0x007c, 0x007c, 0x007c, 0x0000, 0x0000, 0x0000, 0x0000, 0x0000,
0x0000, 0x0000, 0x0000, 0x0000, 0x0000, 0x0000, 0x0000, 0x0000, 0x0000, 0x0000, 0x0070, 0x0070, 0x0000, 0x0070, 0x0070, 0x0000, 0x0000, 0x0000, 0x0000, 0x0000,
0x0000, 0x0000, 0x0000, 0x0000, 0x0000, 0x0000, 0x0000, 0x0000, 0x0000, 0x0000, 0x007e, 0x0002, 0x007e, 0x007e, 0x007e, 0x0000, 0x0000, 0x0000, 0x0000, 0x0000,
0x0000, 0x0000, 0x0000, 0x0000, 0x0000, 0x0000, 0x0000, 0x0000, 0x0000, 0x0000, 0x007c, 0x0078, 0x0004, 0x007c, 0x007c, 0x0000, 0x0000, 0x0000, 0x0000, 0x0000,
0x0000, 0x0000, 0x0000, 0x0000, 0x0000, 0x0000, 0x0000, 0x0000, 0x0000, 0x0000, 0x007c, 0x0004, 0x007c, 0x007c, 0x007c, 0x0000, 0x0000, 0x0000, 0x0000, 0x0000,
0x0000, 0x0000, 0x0000, 0x0000, 0x0000, 0x0000, 0x0000, 0x0000, 0x0000, 0x0000, 0x007f, 0x0000, 0x007f, 0x007f, 0x007f, 0xf000, 0x1000, 0xf000, 0xf000, 0xf000,
0x0000, 0x0000, 0x0000, 0x0000, 0x0000, 0x0000, 0x0000, 0x0000, 0x0000, 0x0000, 0x007f, 0x007f, 0x0000, 0x007f, 0x007f, 0xef80, 0xcf80, 0x2000, 0xef80, 0xef80,
0x0000, 0x0000, 0x0000, 0x0000, 0x0000, 0x0000, 0x0000, 0x0000, 0x0000, 0x0000, 0x007f, 0x0000, 0x007f, 0x007f, 0x007f, 0xffff, 0x0101, 0xfeff, 0xffff, 0xffff,
0x0000, 0x0000, 0x0000, 0x0000, 0x0000, 0x0000, 0x0000, 0x0000, 0x0000, 0x0000, 0x007f, 0x0002, 0x006d, 0x007f, 0x007f, 0xfffc, 0x48d8, 0xbf48, 0xf7b4, 0xfffc,
0x0000, 0x0000, 0x0000, 0x0000, 0x0000, 0x0000, 0x0000, 0x0000, 0x0000, 0x0000, 0x007f, 0x0000, 0x007f, 0x007f, 0x007f, 0xffff, 0x0101, 0xfeff, 0xffff, 0xffff,
0x7e00, 0x4200, 0x3e00, 0x7e00, 0x7e00, 0x0000, 0x0000, 0x0000, 0x0000, 0x0000, 0x007f, 0x0000, 0x007f, 0x007f, 0x007f, 0xfffc, 0x04f0, 0xff80, 0xff7c, 0xfffc,
0x7fe0, 0x4000, 0x3e00, 0x7fe0, 0x7fe0, 0x0000, 0x0000, 0x0000, 0x0000, 0x0000, 0x007f, 0x007f, 0x0000, 0x007f, 0x007f, 0xffff, 0xffff, 0x0000, 0xffff, 0xffff,
0xffff, 0xffff, 0x0000, 0xffff, 0xffff, 0xff80, 0xff80, 0x0000, 0xff80, 0xff80, 0x007f, 0x007f, 0x0000, 0x007f, 0x007f, 0xffff, 0xffff, 0x0000, 0xffff, 0xffff,
0xffff, 0xffff, 0x0000, 0xffff, 0xffff, 0xff80, 0xff80, 0x0000, 0xff80, 0xff80, 0x007f, 0x007f, 0x0000, 0x007f, 0x007f, 0xffff, 0xffff, 0x0000, 0xffff, 0xffff,
0xffff, 0xffff, 0x0000, 0xffff, 0xffff, 0xff00, 0xff00, 0x0000, 0xff00, 0xff00, 0x007f, 0x007f, 0x0000, 0x007f, 0x007f, 0xffff, 0xffff, 0x0000, 0xffff, 0xffff,
0xffff, 0xffff, 0x0000, 0xffff, 0xffff, 0xff00, 0xff00, 0x0000, 0xff00, 0xff00, 0x007f, 0x007f, 0x0000, 0x007f, 0x007f, 0xffff, 0xffff, 0x0000, 0xffff, 0xffff,
0xffff, 0xffff, 0x0000, 0xffff, 0xffff, 0xfe00, 0xfe00, 0x0000, 0xfe00, 0xfe00, 0x0030, 0x0010, 0x0030, 0x0030, 0x0030, 0x0000, 0x0000, 0x0000, 0x0000, 0x0000,
0x0000, 0x0000, 0x0000, 0x0000, 0x0000, 0x0000, 0x0000, 0x0000, 0x0000, 0x0000, 0x0000, 0x0000, 0x0000, 0x0000, 0x0000, 0x0000, 0x0000, 0x0000, 0x0000, 0x0000,
0x0000, 0x0000, 0x0000, 0x0000, 0x0000, 0x0000, 0x0000, 0x0000, 0x0000, 0x0000, 0x0038, 0x0008, 0x0038, 0x0038, 0x0038, 0x0000, 0x0000, 0x0000, 0x0000, 0x0000,
0x0000, 0x0000, 0x0000, 0x0000, 0x0000, 0x0000, 0x0000, 0x0000, 0x0000, 0x0000, 0x0030, 0x0020, 0x0010, 0x0030, 0x0030, 0x0000, 0x0000, 0x0000, 0x0000, 0x0000,
0x0000, 0x0000, 0x0000, 0x0000, 0x0000, 0x0000, 0x0000, 0x0000, 0x0000, 0x0000, 0x0030, 0x0010, 0x0030, 0x0030, 0x0030, 0x0000, 0x0000, 0x0000, 0x0000, 0x0000,
0x0000, 0x0000, 0x0000, 0x0000, 0x0000, 0x0000, 0x0000, 0x0000, 0x0000, 0x0000, 0x0030, 0x0010, 0x0030, 0x0030, 0x0030, 0x0000, 0x0000, 0x0000, 0x0000, 0x0000,
0x0000, 0x0000, 0x0000, 0x0000, 0x0000, 0x0000, 0x0000, 0x0000, 0x0000, 0x0000, 0x003f, 0x0000, 0x003f, 0x003f, 0x003f, 0xe000, 0x2000, 0xe000, 0xe000, 0xe000,
0x0000, 0x0000, 0x0000, 0x0000, 0x0000, 0x0000, 0x0000, 0x0000, 0x0000, 0x0000, 0x003f, 0x003f, 0x0000, 0x003f, 0x003f, 0xde00, 0x9e00, 0x4000, 0xde00, 0xde00,
0x0000, 0x0000, 0x0000, 0x0000, 0x0000, 0x0000, 0x0000, 0x0000, 0x0000, 0x0000, 0x003f, 0x0000, 0x003f, 0x003f, 0x003f, 0xffff, 0x0001, 0xffff, 0xffff, 0xffff,
0x0000, 0x0000, 0x0000, 0x0000, 0x0000, 0x0000, 0x0000, 0x0000, 0x0000, 0x0000, 0x003f, 0x0000, 0x001a, 0x003f, 0x003f, 0xfff8, 0x43b0, 0xfc90, 0xbf68, 0xfff8,
0x0000, 0x0000, 0x0000, 0x0000, 0x0000, 0x0000, 0x0000, 0x0000, 0x0000, 0x0000, 0x003f, 0x0000, 0x003f, 0x003f, 0x003f, 0xffff, 0x0003, 0xffff, 0xffff, 0xffff,
0x7e00, 0x4600, 0x3e00, 0x7e00, 0x7e00, 0x0000, 0x0000, 0x0000, 0x0000, 0x0000, 0x003f, 0x0000, 0x003f, 0x003f, 0x003f, 0xfff8, 0x0be0, 0xff00, 0xfcf8, 0xfff8,
0x7fe0, 0x4000, 0x3e00, 0x7fe0, 0x7fe0, 0x0000, 0x0000, 0x0000, 0x0000, 0x0000, 0x003f, 0x0001, 0x003e, 0x003f, 0x003f, 0xffff, 0xe00e, 0x1ff1, 0xffff, 0xffff,
0xffc0, 0x0000, 0xffc0, 0xffc0, 0xffc0, 0x0fc0, 0x0fc0, 0x0000, 0x0fc0, 0x0fc0, 0x003f, 0x003f, 0x0000, 0x003f, 0x003f, 0xffff, 0xffff, 0x0000, 0xffff, 0xffff,
0xffff, 0xffff, 0x0000, 0xffff, 0xffff, 0xffc0, 0xffc0, 0x0000, 0xffc0, 0xffc0, 0x003f, 0x003f, 0x0000, 0x003f, 0x003f, 0xffff, 0xffff, 0x0000, 0xffff, 0xffff,
0xffff, 0xffff, 0x0000, 0xffff, 0xffff, 0xffc0, 0xffc0, 0x0000, 0xffc0, 0xffc0, 0x003f, 0x003f, 0x0000, 0x003f, 0x003f, 0xffff, 0xffff, 0x0000, 0xffff, 0xffff,
0xffff, 0xffff, 0x0000, 0xffff, 0xffff, 0xff80, 0xff80, 0x0000, 0xff80, 0xff80, 0x003f, 0x003f, 0x0000, 0x003f, 0x003f, 0xffff, 0xffff, 0x0000, 0xffff, 0xffff,
0xffff, 0xffff, 0x0000, 0xffff, 0xffff, 0xff00, 0xff00, 0x0000, 0xff00, 0xff00, 0x003f, 0x0000, 0x0000, 0x003f, 0x003f, 0xffff, 0x0000, 0x0000, 0xffff, 0xffff,
0xffff, 0x0000, 0x0000, 0xffff, 0xffff, 0xff00, 0x0000, 0x0000, 0xff00, 0xff00, 0x0000, 0x0000, 0x0000, 0x0000, 0x0000, 0x8000, 0x0000, 0x8000, 0x8000, 0x8000,
0x0000, 0x0000, 0x0000, 0x0000, 0x0000, 0x8000, 0x0000, 0x8000, 0x8000, 0x8000, 0x0003, 0x0000, 0x0000, 0x0003, 0x0003, 0xe000, 0x0000, 0x0000, 0xe000, 0xe000,
0x0003, 0x0003, 0x0000, 0x0003, 0x0003, 0xc000, 0xc000, 0x0000, 0xc000, 0xc000, 0x0007, 0x0000, 0x0007, 0x0007, 0x0007, 0xf000, 0xf000, 0xf000, 0xf000, 0xf000,
0x0007, 0x0007, 0x0000, 0x0007, 0x0007, 0xf000, 0x0000, 0xf000, 0xf000, 0xf000, 0x0007, 0x0000, 0x0000, 0x0007, 0x0007, 0xe000, 0xe000, 0x0000, 0xe000, 0xe000,
0x0000, 0x0000, 0x0000, 0x0000, 0x0000, 0x8000, 0x0000, 0x8000, 0x8000, 0x8000, 0x0000, 0x0000, 0x0000, 0x0000, 0x0000, 0x8000, 0x0000, 0x8000, 0x8000, 0x8000,
0x0001, 0x0000, 0x0001, 0x0001, 0x0001, 0x8000, 0x0000, 0x8000, 0x8000, 0x8000, 0x0001, 0x0000, 0x0001, 0x0001, 0x0001, 0x8000, 0x0000, 0x8000, 0x8000, 0x8000,
0x0007, 0x0000, 0x0000, 0x0007, 0x0007, 0xf000, 0x0000, 0x0000, 0xf000, 0xf000, 0x0007, 0x0007, 0x0000, 0x0007, 0x0007, 0xe000, 0xe000, 0x0000, 0xe000, 0xe000,
0x0007, 0x0007, 0x0000, 0x0007, 0x0007, 0xe000, 0x8000, 0x6000, 0xe000, 0xe000, 0x000f, 0x0000, 0x000f, 0x000f, 0x000f, 0xf800, 0xf800, 0xf800, 0xf800, 0xf800,
0x000f, 0x000f, 0x0000, 0x000f, 0x000f, 0xf800, 0x8800, 0xf000, 0xf800, 0xf800, 0x000f, 0x0000, 0x0000, 0x000f, 0x000f, 0xf000, 0xf000, 0x0000, 0xf000, 0xf000,
0x0000, 0x0000, 0x0000, 0x0000, 0x0000, 0x8000, 0x0000, 0x8000, 0x8000, 0x8000, 0x0000, 0x0000, 0x0000, 0x0000, 0x0000, 0x8000, 0x0000, 0x8000, 0x8000, 0x8000,
0x0000, 0x0000, 0x0000, 0x0000, 0x0000, 0x8000, 0x0000, 0x8000, 0x8000, 0x8000, 0x0001, 0x0000, 0x0001, 0x0001, 0x0001, 0x8000, 0x0000, 0x8000, 0x8000, 0x8000,
0x0001, 0x0000, 0x0001, 0x0001, 0x0001, 0x8000, 0x0000, 0x8000, 0x8000, 0x8000, 0x0003, 0x0002, 0x0001, 0x0003, 0x0003, 0xc000, 0x8000, 0x4000, 0xc000, 0xc000,
0x0003, 0x0002, 0x0001, 0x0003, 0x0003, 0xc000, 0x8000, 0x4000, 0xc000, 0xc000, 0x000f, 0x0000, 0x0000, 0x000f, 0x000f, 0xf000, 0x0000, 0x0000, 0xf000, 0xf000,
0x000f, 0x0005, 0x0000, 0x000f, 0x000f, 0xf000, 0xe000, 0x1000, 0xf000, 0xf000, 0x000f, 0x000f, 0x0000, 0x000f, 0x000f, 0xf000, 0xe000, 0x1000, 0xf000, 0xf000,
0x000f, 0x000f, 0x0000, 0x000f, 0x000f, 0xf000, 0xc000, 0x3000, 0xf000, 0xf000, 0x003f, 0x0000, 0x003f, 0x003f, 0x003f, 0xfc00, 0xfc00, 0xfc00, 0xfc00, 0xfc00,
0x003f, 0x003e, 0x0001, 0x003f, 0x003f, 0xfc00, 0x4000, 0xfc00, 0xfc00, 0xfc00, 0x003f, 0x000f, 0x0000, 0x003f, 0x003f, 0xfc00, 0x0c00, 0xf000, 0xfc00, 0xfc00,
0x000f, 0x0000, 0x0000, 0x000f, 0x000f, 0xf000, 0xf000, 0x0000, 0xf000, 0xf000, 0x0001, 0x0001, 0x0000, 0x0001, 0x0001, 0x8000, 0x0000, 0x8000, 0x8000, 0x8000,
0x0001, 0x0001, 0x0000, 0x0001, 0x0001, 0x8000, 0x0000, 0x8000, 0x8000, 0x8000, 0x0001, 0x0001, 0x0000, 0x0001, 0x0001, 0x8000, 0x0000, 0x8000, 0x8000, 0x8000,
0x0003, 0x0002, 0x0001, 0x0003, 0x0003, 0x8000, 0x0000, 0x8000, 0x8000, 0x8000, 0x0003, 0x0002, 0x0001, 0x0003, 0x0003, 0x8000, 0x0000, 0x8000, 0x8000, 0x8000,
0x0003, 0x0002, 0x0001, 0x0003, 0x0003, 0x8000, 0x0000, 0x8000, 0x8000, 0x8000, 0x0003, 0x0001, 0x0002, 0x0003, 0x0003, 0xc000, 0x8000, 0x4000, 0xc000, 0xc000,
0x0003, 0x0000, 0x0002, 0x0003, 0x0003, 0xc000, 0x8000, 0x4000, 0xc000, 0xc000, 0x001f, 0x001f, 0x0000, 0x001f, 0x001f, 0xf800, 0xf000, 0x0800, 0xf800, 0xf800,
0x000f, 0x0000, 0x0000, 0x000f, 0x000f, 0xf000, 0x0000, 0x0000, 0xf000, 0xf000, 0x000f, 0x0007, 0x0000, 0x000f, 0x000f, 0xf000, 0xe000, 0x1000, 0xf000, 0xf000,
0x000f, 0x000f, 0x0000, 0x000f, 0x000f, 0xf000, 0xe000, 0x1000, 0xf000, 0xf000, 0x000f, 0x000f, 0x0000, 0x000f, 0x000f, 0xf000, 0xc000, 0x3000, 0xf000, 0xf000,
0x003f, 0x0000, 0x003f, 0x003f, 0x003f, 0xfc00, 0xfc00, 0xfc00, 0xfc00, 0xfc00, 0x003f, 0x003e, 0x0001, 0x003f, 0x003f, 0xfc00, 0x4000, 0xfc00, 0xfc00, 0xfc00,
0x003f, 0x003f, 0x0000, 0x003f, 0x003f, 0xfc00, 0x0000, 0xfc00, 0xfc00, 0xfc00, 0x003f, 0x001f, 0x0000, 0x003f, 0x003f, 0xfc00, 0x0c00, 0xf000, 0xfc00, 0xfc00,
0x001f, 0x0000, 0x0000, 0x001f, 0x001f, 0xf000, 0xf000, 0x0000, 0xf000, 0xf000, 0x0001, 0x0001, 0x0000, 0x0001, 0x0001, 0x8000, 0x0000, 0x8000, 0x8000, 0x8000,
0x0001, 0x0001, 0x0000, 0x0001, 0x0001, 0x8000, 0x0000, 0x8000, 0x8000, 0x8000, 0x0001, 0x0001, 0x0000, 0x0001, 0x0001, 0x8000, 0x0000, 0x8000, 0x8000, 0x8000,
0x0003, 0x0002, 0x0001, 0x0003, 0x0003, 0x8000, 0x0000, 0x8000, 0x8000, 0x8000, 0x0003, 0x0002, 0x0001, 0x0003, 0x0003, 0x8000, 0x0000, 0x8000, 0x8000, 0x8000,
0x0003, 0x0002, 0x0001, 0x0003, 0x0003, 0x8000, 0x0000, 0x8000, 0x8000, 0x8000, 0x0003, 0x0001, 0x0002, 0x0003, 0x0003, 0xc000, 0x8000, 0x4000, 0xc000, 0xc000,
0x0003, 0x0000, 0x0002, 0x0003, 0x0003, 0xc000, 0x8000, 0x4000, 0xc000, 0xc000, 0x0007, 0x0007, 0x0000, 0x0007, 0x0007, 0xe000, 0xe000, 0x0000, 0xe000, 0xe000,
0x003f, 0x003f, 0x0000, 0x003f, 0x003f, 0xfc00, 0xf800, 0x0400, 0xfc00, 0xfc00, 0x001f, 0x0000, 0x0000, 0x001f, 0x001f, 0xf800, 0x0000, 0x0000, 0xf800, 0xf800,
0x001f, 0x000f, 0x0000, 0x001f, 0x001f, 0xf800, 0xf000, 0x0800, 0xf800, 0xf800, 0x001f, 0x001f, 0x0000, 0x001f, 0x001f, 0xf800, 0xf000, 0x0800, 0xf800, 0xf800,
0x001f, 0x001f, 0x0000, 0x001f, 0x001f, 0xf800, 0xd000, 0x2800, 0xf800, 0xf800, 0x007f, 0x0000, 0x007f, 0x007f, 0x007f, 0xfc00, 0xfc00, 0xfc00, 0xfc00, 0xfc00,
0x007f, 0x007e, 0x0001, 0x007f, 0x007f, 0xfc00, 0x4000, 0xfc00, 0xfc00, 0xfc00, 0x007f, 0x007f, 0x0000, 0x007f, 0x007f, 0xfc00, 0x0000, 0xfc00, 0xfc00, 0xfc00,
0x007f, 0x001f, 0x0000, 0x007f, 0x007f, 0xfc00, 0x0400, 0xf800, 0xfc00, 0xfc00, 0x001f, 0x0000, 0x0000, 0x001f, 0x001f, 0xf800, 0xf800, 0x0000, 0xf800, 0xf800,
0x0001, 0x0001, 0x0000, 0x0001, 0x0001, 0x8000, 0x0000, 0x8000, 0x8000, 0x8000, 0x0001, 0x0001, 0x0000, 0x0001, 0x0001, 0x8000, 0x0000, 0x8000, 0x8000, 0x8000,
0x0001, 0x0001, 0x0000, 0x0001, 0x0001, 0x8000, 0x0000, 0x8000, 0x8000, 0x8000, 0x0003, 0x0002, 0x0001, 0x0003, 0x0003, 0x8000, 0x0000, 0x8000, 0x8000, 0x8000,
0x0003, 0x0002, 0x0001, 0x0003, 0x0003, 0x8000, 0x0000, 0x8000, 0x8000, 0x8000, 0x0002, 0x0000, 0x0002, 0x0002, 0x0002, 0xc000, 0x8000, 0x4000, 0xc000, 0xc000,
0x0003, 0x0001, 0x0002, 0x0003, 0x0003, 0xc000, 0x8000, 0x4000, 0xc000, 0xc000, 0x0003, 0x0000, 0x0002, 0x0003, 0x0003, 0xc000, 0x0000, 0x4000, 0xc000, 0xc000,
0x000f, 0x000f, 0x0000, 0x000f, 0x000f, 0xf000, 0xf000, 0x0000, 0xf000, 0xf000, 0x000f, 0x0000, 0x0000, 0x000f, 0x000f, 0xf000, 0x0000, 0x0000, 0xf000, 0xf000,
0x007f, 0x007f, 0x0000, 0x007f, 0x007f, 0xfe00, 0xfc00, 0x0200, 0xfe00, 0xfe00, 0x003f, 0x0000, 0x0000, 0x003f, 0x003f, 0xfc00, 0x0000, 0x0000, 0xfc00, 0xfc00,
0x003f, 0x002b, 0x0000, 0x003f, 0x003f, 0xfc00, 0x5000, 0x0400, 0xfc00, 0xfc00, 0x003f, 0x003f, 0x0000, 0x003f, 0x003f, 0xfc00, 0xf800, 0x0400, 0xfc00, 0xfc00,
0x003f, 0x003f, 0x0000, 0x003f, 0x003f, 0xfc00, 0xd800, 0x2400, 0xfc00, 0xfc00, 0x00ff, 0x0000, 0x00ff, 0x00ff, 0x00ff, 0xff00, 0xff00, 0xff00, 0xff00, 0xff00,
0x00ff, 0x00fc, 0x0003, 0x00ff, 0x00ff, 0xff00, 0x4000, 0xff00, 0xff00, 0xff00, 0x00ff, 0x00ff, 0x0000, 0x00ff, 0x00ff, 0xff00, 0x0000, 0xff00, 0xff00, 0xff00,
0x00ff, 0x003f, 0x0000, 0x00ff, 0x00ff, 0xff00, 0x0300, 0xfc00, 0xff00, 0xff00, 0x007f, 0x0000, 0x0000, 0x007f, 0x007f, 0xfe00, 0xfe00, 0x0000, 0xfe00, 0xfe00,
0x0001, 0x0001, 0x0000, 0x0001, 0x0001, 0x8000, 0x0000, 0x8000, 0x8000, 0x8000, 0x0001, 0x0001, 0x0000, 0x0001, 0x0001, 0x8000, 0x0000, 0x8000, 0x8000, 0x8000,
0x0001, 0x0001, 0x0000, 0x0001, 0x0001, 0x8000, 0x0000, 0x8000, 0x8000, 0x8000, 0x0001, 0x0001, 0x0000, 0x0001, 0x0001, 0x8000, 0x0000, 0x8000, 0x8000, 0x8000,
0x0003, 0x0002, 0x0001, 0x0003, 0x0003, 0x8000, 0x0000, 0x8000, 0x8000, 0x8000, 0x0003, 0x0002, 0x0001, 0x0003, 0x0003, 0x8000, 0x0000, 0x8000, 0x8000, 0x8000,
0x0002, 0x0000, 0x0002, 0x0002, 0x0002, 0xc000, 0x8000, 0x4000, 0xc000, 0xc000, 0x0007, 0x0005, 0x0002, 0x0007, 0x0007, 0xc000, 0x8000, 0x4000, 0xc000, 0xc000,
0x0007, 0x0004, 0x0002, 0x0007, 0x0007, 0xc000, 0x0000, 0x4000, 0xc000, 0xc000, 0x001f, 0x001f, 0x0000, 0x001f, 0x001f, 0xf800, 0xf800, 0x0000, 0xf800, 0xf800,
0x000f, 0x0000, 0x0000, 0x000f, 0x000f, 0xf000, 0x0000, 0x0000, 0xf000, 0xf000, 0x00ff, 0x00ff, 0x0000, 0x00ff, 0x00ff, 0xff00, 0xfe00, 0x0100, 0xff00, 0xff00,
0x00ff, 0x00ff, 0x0000, 0x00ff, 0x00ff, 0xff00, 0xfe00, 0x0100, 0xff00, 0xff00, 0x007f, 0x0000, 0x0000, 0x007f, 0x007f, 0xfe00, 0x0000, 0x0000, 0xfe00, 0xfe00,
0x007f, 0x007b, 0x0000, 0x007f, 0x007f, 0xfe00, 0x5c00, 0x0200, 0xfe00, 0xfe00, 0x007f, 0x007f, 0x0000, 0x007f, 0x007f, 0xfe00, 0xfc00, 0x0200, 0xfe00, 0xfe00,
0x007f, 0x007f, 0x0000, 0x007f, 0x007f, 0xfe00, 0xec00, 0x1200, 0xfe00, 0xfe00, 0x03ff, 0x0000, 0x03ff, 0x03ff, 0x03ff, 0xffc0, 0xffc0, 0xffc0, 0xffc0, 0xffc0,
0x03ff, 0x03fc, 0x0003, 0x03ff, 0x03ff, 0xffc0, 0x4000, 0xffc0, 0xffc0, 0xffc0, 0x03ff, 0x03ff, 0x0000, 0x03ff, 0x03ff, 0xffc0, 0x0000, 0xffc0, 0xffc0, 0xffc0,
0x03ff, 0x00ff, 0x0000, 0x03ff, 0x03ff, 0xffc0, 0x00c0, 0xff00, 0xffc0, 0xffc0, 0x00ff, 0x001f, 0x0000, 0x00ff, 0x00ff, 0xff00, 0x0700, 0xf800, 0xff00, 0xff00,
0x003f, 0x0000, 0x0000, 0x003f, 0x003f, 0xfc00, 0xfc00, 0x0000, 0xfc00, 0xfc00, 0x0001, 0x0001, 0x0000, 0x0001, 0x0001, 0x8000, 0x0000, 0x8000, 0x8000, 0x8000,
0x0001, 0x0001, 0x0000, 0x0001, 0x0001, 0x8000, 0x8000, 0x8000, 0x8000, 0x8000, 0x0001, 0x0001, 0x0000, 0x0001, 0x0001, 0x8000, 0x0000, 0x8000, 0x8000, 0x8000,
0x0001, 0x0001, 0x0000, 0x0001, 0x0001, 0x8000, 0x0000, 0x8000, 0x8000, 0x8000, 0x0001, 0x0000, 0x0001, 0x0001, 0x0001, 0x8000, 0x0000, 0x8000, 0x8000, 0x8000,
0x0003, 0x0002, 0x0001, 0x0003, 0x0003, 0xc000, 0x0000, 0xc000, 0xc000, 0xc000, 0x0003, 0x0002, 0x0001, 0x0003, 0x0003, 0xc000, 0x8000, 0x4000, 0xc000, 0xc000,
0x0003, 0x0000, 0x0003, 0x0003, 0x0003, 0x4000, 0x0000, 0x4000, 0x4000, 0x4000, 0x0007, 0x0005, 0x0002, 0x0007, 0x0007, 0xe000, 0x8000, 0x6000, 0xe000, 0xe000,
0x0007, 0x0004, 0x0002, 0x0007, 0x0007, 0xe000, 0x4000, 0x2000, 0xe000, 0xe000, 0x001f, 0x001f, 0x0000, 0x001f, 0x001f, 0xfc00, 0xfc00, 0x0000, 0xfc00, 0xfc00,
0x001f, 0x0000, 0x0000, 0x001f, 0x001f, 0xf800, 0x0000, 0x0000, 0xf800, 0xf800, 0x001f, 0x0018, 0x0000, 0x001f, 0x001f, 0xf800, 0x8800, 0x0000, 0xf800, 0xf800,
0x01ff, 0x01ff, 0x0000, 0x01ff, 0x01ff, 0xff80, 0xff00, 0x0080, 0xff80, 0xff80, 0x01ff, 0x01ff, 0x0000, 0x01ff, 0x01ff, 0xff80, 0xff00, 0x0080, 0xff80, 0xff80,
0x00ff, 0x0000, 0x0000, 0x00ff, 0x00ff, 0xff00, 0x0000, 0x0000, 0xff00, 0xff00, 0x00ff, 0x00db, 0x0000, 0x00ff, 0x00ff, 0xff00, 0x6e00, 0x0100, 0xff00, 0xff00,
0x00ff, 0x00ff, 0x0000, 0x00ff, 0x00ff, 0xff00, 0xfe00, 0x0100, 0xff00, 0xff00, 0x00ff, 0x00ff, 0x0000, 0x00ff, 0x00ff, 0xff00, 0xee00, 0x1100, 0xff00, 0xff00,
0x07ff, 0x0000, 0x07ff, 0x07ff, 0x07ff, 0xfff0, 0xfff0, 0xfff0, 0xfff0, 0xfff0, 0x07ff, 0x07fc, 0x0003, 0x07ff, 0x07ff, 0xfff0, 0x2000, 0xfff0, 0xfff0, 0xfff0,
0x07ff, 0x07fc, 0x0003, 0x07ff, 0x07ff, 0xfff0, 0x2000, 0xfff0, 0xfff0, 0xfff0, 0x07ff, 0x07ff, 0x0000, 0x07ff, 0x07ff, 0xfff0, 0x0010, 0xffe0, 0xfff0, 0xfff0,
0x07ff, 0x01ff, 0x0000, 0x07ff, 0x07ff, 0xffe0, 0x0060, 0xff80, 0xffe0, 0xffe0, 0x01ff, 0x003f, 0x0000, 0x01ff, 0x01ff, 0xff80, 0x0380, 0xfc00, 0xff80, 0xff80,
0x007f, 0x0000, 0x0000, 0x007f, 0x007f, 0xfe00, 0xfe00, 0x0000, 0xfe00, 0xfe00, 0x000f, 0x0000, 0x0000, 0x000f, 0x000f, 0xf000, 0xf000, 0x0000, 0xf000, 0xf000,
0x0000, 0x0000, 0x0000, 0x0000, 0x0000, 0x8000, 0x0000, 0x8000, 0x8000, 0x8000, 0x0003, 0x0000, 0x0003, 0x0003, 0x0003, 0xc000, 0x4000, 0x8000, 0xc000, 0xc000,
0x0001, 0x0000, 0x0001, 0x0001, 0x0001, 0xc000, 0x0000, 0x8000, 0xc000, 0xc000, 0x0007, 0x0002, 0x0005, 0x0007, 0x0007, 0xe000, 0x6000, 0x8000, 0xe000, 0xe000,
0x0007, 0x0004, 0x0007, 0x0007, 0x0007, 0xf000, 0x8000, 0x7000, 0xf000, 0xf000, 0x0007, 0x0007, 0x0004, 0x0007, 0x0007, 0xf000, 0x4000, 0xb000, 0xf000, 0xf000,
0x0007, 0x0002, 0x0007, 0x0007, 0x0007, 0xf000, 0x6000, 0xf000, 0xf000, 0xf000, 0x0007, 0x0007, 0x0000, 0x0007, 0x0007, 0xf000, 0xf000, 0x0000, 0xf000, 0xf000,
0x0000, 0x0000, 0x0000, 0x0000, 0x0000, 0x8000, 0x8000, 0x0000, 0x8000, 0x8000, 0x0000, 0x0000, 0x0000, 0x0000, 0x0000, 0x8000, 0x8000, 0x8000, 0x8000, 0x8000,
0x0000, 0x0000, 0x0000, 0x0000, 0x0000, 0x8000, 0x0000, 0x0000, 0x0000, 0x8000, 0x0001, 0x0000, 0x0001, 0x0001, 0x0001, 0x8000, 0x0000, 0x8000, 0x8000, 0x8000,
0x0003, 0x0002, 0x0001, 0x0003, 0x0003, 0xe000, 0x6000, 0x8000, 0xe000, 0xe000, 0x0003, 0x0002, 0x0001, 0x0003, 0x0003, 0xc000, 0x0000, 0x8000, 0xc000, 0xc000,
0x000f, 0x000e, 0x0001, 0x000f, 0x000f, 0xf000, 0x7000, 0x8000, 0xf000, 0xf000, 0x000f, 0x0000, 0x0002, 0x000f, 0x000f, 0xf000, 0x0000, 0x4000, 0xf000, 0xf000,
0x001f, 0x0011, 0x001e, 0x001f, 0x001f, 0xf800, 0x8000, 0x7800, 0xf800, 0xf800, 0x001f, 0x0016, 0x0019, 0x001f, 0x001f, 0xf800, 0x6000, 0x9800, 0xf800, 0xf800,
0x001f, 0x0016, 0x001f, 0x001f, 0x001f, 0xf800, 0x6000, 0xf800, 0xf800, 0xf800, 0x001f, 0x001f, 0x0000, 0x001f, 0x001f, 0xf800, 0xf800, 0x0000, 0xf800, 0xf800,
0x0001, 0x0000, 0x0001, 0x0001, 0x0001, 0x8000, 0x8000, 0x0000, 0x8000, 0x8000, 0x0001, 0x0001, 0x0001, 0x0001, 0x0001, 0x8000, 0x8000, 0x0000, 0x8000, 0x8000,
0x0001, 0x0000, 0x0001, 0x0000, 0x0001, 0x8000, 0x8000, 0x8000, 0x8000, 0x8000, 0x0001, 0x0000, 0x0001, 0x0001, 0x0001, 0x8000, 0x0000, 0x0000, 0x0000, 0x8000,
0x0001, 0x0000, 0x0001, 0x0001, 0x0001, 0x8000, 0x0000, 0x8000, 0x8000, 0x8000, 0x0001, 0x0000, 0x0001, 0x0001, 0x0001, 0x8000, 0x0000, 0x8000, 0x8000, 0x8000,
0x0007, 0x0001, 0x0006, 0x0007, 0x0007, 0xe000, 0x6000, 0x8000, 0xe000, 0xe000, 0x0007, 0x0004, 0x0002, 0x0007, 0x0007, 0xe000, 0x2000, 0x8000, 0xe000, 0xe000,
0x001f, 0x001d, 0x0002, 0x001f, 0x001f, 0xf800, 0x7800, 0x8000, 0xf800, 0xf800, 0x001f, 0x0000, 0x0002, 0x001f, 0x001f, 0xf800, 0x0000, 0x4000, 0xf800, 0xf800,
0x001f, 0x001d, 0x0002, 0x001f, 0x001f, 0xf800, 0xb800, 0x4000, 0xf800, 0xf800, 0x003f, 0x0021, 0x003e, 0x003f, 0x003f, 0xfc00, 0x8000, 0x7c00, 0xfc00, 0xfc00,
0x003f, 0x002e, 0x0031, 0x003f, 0x003f, 0xfc00, 0x7000, 0x8c00, 0xfc00, 0xfc00, 0x003f, 0x002e, 0x003f, 0x003f, 0x003f, 0xfc00, 0x7000, 0xfc00, 0xfc00, 0xfc00,
0x003f, 0x003f, 0x0000, 0x003f, 0x003f, 0xfc00, 0xfc00, 0x0000, 0xfc00, 0xfc00, 0x003f, 0x0000, 0x0000, 0x003f, 0x003f, 0xfc00, 0x0000, 0x0000, 0xfc00, 0xfc00,
0x0001, 0x0000, 0x0001, 0x0001, 0x0001, 0x8000, 0x8000, 0x0000, 0x8000, 0x8000, 0x0001, 0x0001, 0x0001, 0x0001, 0x0001, 0x8000, 0x8000, 0x0000, 0x8000, 0x8000,
0x0001, 0x0000, 0x0001, 0x0000, 0x0001, 0x8000, 0x8000, 0x8000, 0x8000, 0x8000, 0x0001, 0x0000, 0x0001, 0x0001, 0x0001, 0x8000, 0x0000, 0x0000, 0x0000, 0x8000,
0x0001, 0x0000, 0x0001, 0x0001, 0x0001, 0x8000, 0x0000, 0x8000, 0x8000, 0x8000, 0x0001, 0x0000, 0x0001, 0x0001, 0x0001, 0x8000, 0x0000, 0x8000, 0x8000, 0x8000,
0x0001, 0x0000, 0x0001, 0x0001, 0x0001, 0x8000, 0x0000, 0x8000, 0x8000, 0x8000, 0x000f, 0x0005, 0x000a, 0x000f, 0x000f, 0xf000, 0xb000, 0x4000, 0xf000, 0xf000,
0x0003, 0x0001, 0x0002, 0x0003, 0x0003, 0xe000, 0x2000, 0x4000, 0xe000, 0xe000, 0x003f, 0x003d, 0x0002, 0x003f, 0x003f, 0xfc00, 0xbc00, 0x4000, 0xfc00, 0xfc00,
0x003f, 0x0000, 0x0002, 0x003f, 0x003f, 0xfc00, 0x2c00, 0x4000, 0xfc00, 0xfc00, 0x003f, 0x003b, 0x0004, 0x003f, 0x003f, 0xfc00, 0xdc00, 0x2000, 0xfc00, 0xfc00,
0x003f, 0x003b, 0x0004, 0x003f, 0x003f, 0xfc00, 0xdc00, 0x2000, 0xfc00, 0xfc00, 0x00ff, 0x0081, 0x00fe, 0x00ff, 0x00ff, 0xff00, 0x8100, 0x7e00, 0xff00, 0xff00,
0x00ff, 0x009e, 0x00e1, 0x00ff, 0x00ff, 0xff00, 0x7100, 0x8e00, 0xff00, 0xff00, 0x00ff, 0x009c, 0x00ff, 0x00ff, 0x00ff, 0xff00, 0x3900, 0xfe00, 0xff00, 0xff00,
0x00ff, 0x009c, 0x00ff, 0x00ff, 0x00ff, 0xff00, 0x3900, 0xfe00, 0xff00, 0xff00, 0x00ff, 0x00ff, 0x0000, 0x00ff, 0x00ff, 0xff00, 0xff00, 0x0000, 0xff00, 0xff00,
0x00ff, 0x0000, 0x0000, 0x00ff, 0x00ff, 0xff00, 0x0000, 0x0000, 0xff00, 0xff00, 0x0000, 0x0000, 0x0000, 0x0000, 0x0000, 0x8000, 0x0000, 0x8000, 0x8000, 0x8000,
0x0000, 0x0000, 0x0000, 0x0000, 0x0000, 0x8000, 0x8000, 0x8000, 0x8000, 0x8000, 0x0000, 0x0000, 0x0000, 0x0000, 0x0000, 0x8000, 0x8000, 0x8000, 0x8000, 0x8000,
0x0000, 0x0000, 0x0000, 0x0000, 0x0000, 0x8000, 0x0000, 0x0000, 0x0000, 0x8000, 0x0000, 0x0000, 0x0000, 0x0000, 0x0000, 0x8000, 0x0000, 0x8000, 0x8000, 0x8000,
0x0001, 0x0000, 0x0001, 0x0001, 0x0001, 0xc000, 0x0000, 0x4000, 0xc000, 0xc000, 0x0001, 0x0000, 0x0001, 0x0001, 0x0001, 0xc000, 0x0000, 0x4000, 0xc000, 0xc000,
0x0001, 0x0000, 0x0001, 0x0001, 0x0001, 0xc000, 0x0000, 0x4000, 0xc000, 0xc000, 0x000f, 0x0006, 0x0009, 0x000f, 0x000f, 0xf800, 0xb800, 0x4000, 0xf800, 0xf800,
0x0003, 0x0002, 0x0000, 0x0003, 0x0003, 0xf000, 0xb000, 0x0000, 0xf000, 0xf000, 0x003f, 0x001d, 0x0022, 0x003f, 0x003f, 0xff00, 0xdf00, 0x2000, 0xff00, 0xff00,
0x003f, 0x0000, 0x0022, 0x003f, 0x003f, 0xff00, 0x1100, 0x2000, 0xff00, 0xff00, 0x003f, 0x0019, 0x0026, 0x003f, 0x003f, 0xff00, 0xcf00, 0x3000, 0xff00, 0xff00,
0x003f, 0x0018, 0x0027, 0x003f, 0x003f, 0xff00, 0x2f00, 0xd000, 0xff00, 0xff00, 0x003f, 0x001f, 0x0020, 0x003f, 0x003f, 0xff00, 0xff00, 0x0000, 0xff00, 0xff00,
0x00ff, 0x0081, 0x00fe, 0x00ff, 0x00ff, 0xffc0, 0xc000, 0x3fc0, 0xffc0, 0xffc0, 0x00ff, 0x009c, 0x00e3, 0x00ff, 0x00ff, 0xffc0, 0x3c00, 0xc3c0, 0xffc0, 0xffc0,
0x00ff, 0x009c, 0x00ff, 0x00ff, 0x00ff, 0xffc0, 0x1c00, 0xffc0, 0xffc0, 0xffc0, 0x00ff, 0x009c, 0x00ff, 0x00ff, 0x00ff, 0xffc0, 0x1c00, 0xffc0, 0xffc0, 0xffc0,
0x00ff, 0x00ff, 0x0000, 0x00ff, 0x00ff, 0xffc0, 0xffc0, 0x0000, 0xffc0, 0xffc0, 0x00ff, 0x0000, 0x0000, 0x00ff, 0x00ff, 0xffc0, 0x0000, 0x0000, 0xffc0, 0xffc0,
0x0000, 0x0000, 0x0000, 0x0000, 0x0000, 0x8000, 0x0000, 0x8000, 0x8000, 0x8000, 0x0000, 0x0000, 0x0000, 0x0000, 0x0000, 0x8000, 0x8000, 0x8000, 0x8000, 0x8000,
0x0000, 0x0000, 0x0000, 0x0000, 0x0000, 0x8000, 0x8000, 0x8000, 0x8000, 0x8000, 0x0000, 0x0000, 0x0000, 0x0000, 0x0000, 0x8000, 0x0000, 0x0000, 0x0000, 0x8000,
0x0000, 0x0000, 0x0000, 0x0000, 0x0000, 0x8000, 0x0000, 0x8000, 0x8000, 0x8000, 0x0001, 0x0000, 0x0001, 0x0001, 0x0001, 0xc000, 0x8000, 0x4000, 0xc000, 0xc000,
0x0001, 0x0000, 0x0001, 0x0001, 0x0001, 0xc000, 0x0000, 0x4000, 0xc000, 0xc000, 0x0003, 0x0000, 0x0003, 0x0003, 0x0003, 0xe000, 0x8000, 0x6000, 0xe000, 0xe000,
0x0003, 0x0001, 0x0002, 0x0003, 0x0003, 0xe000, 0x0000, 0x2000, 0xe000, 0xe000, 0x000f, 0x0005, 0x000a, 0x000f, 0x000f, 0xf800, 0xd800, 0x2000, 0xf800, 0xf800,
0x0003, 0x0000, 0x0002, 0x0003, 0x0003, 0xf800, 0xa800, 0x0000, 0xf800, 0xf800, 0x007f, 0x003f, 0x0040, 0x007f, 0x007f, 0xff00, 0xdf00, 0x2000, 0xff00, 0xff00,
0x007f, 0x0000, 0x0044, 0x007f, 0x007f, 0xff00, 0x0100, 0x1000, 0xff00, 0xff00, 0x007f, 0x003b, 0x0044, 0x007f, 0x007f, 0xff00, 0xef00, 0x1000, 0xff00, 0xff00,
0x007f, 0x0038, 0x0047, 0x007f, 0x007f, 0xff00, 0x0f00, 0xf000, 0xff00, 0xff00, 0x007f, 0x0025, 0x0042, 0x007f, 0x007f, 0xff00, 0xf300, 0x0000, 0xff00, 0xff00,
0x007f, 0x003d, 0x0042, 0x007f, 0x007f, 0xff00, 0xff00, 0x0000, 0xff00, 0xff00, 0x03ff, 0x0201, 0x03fe, 0x03ff, 0x03ff, 0xffe0, 0xc020, 0x3fc0, 0xffe0, 0xffe0,
0x03ff, 0x023c, 0x03c3, 0x03ff, 0x03ff, 0xffe0, 0x1e20, 0xe1c0, 0xffe0, 0xffe0, 0x03ff, 0x023c, 0x03ff, 0x03ff, 0x03ff, 0xffe0, 0x1c20, 0xffc0, 0xffe0, 0xffe0,
0x03ff, 0x023c, 0x03ff, 0x03ff, 0x03ff, 0xffe0, 0x1c20, 0xffc0, 0xffe0, 0xffe0, 0x03ff, 0x03ff, 0x0000, 0x03ff, 0x03ff, 0xffe0, 0xffe0, 0x0000, 0xffe0, 0xffe0,
0x03ff, 0x0000, 0x0000, 0x03ff, 0x03ff, 0xffe0, 0x0000, 0x0000, 0xffe0, 0xffe0, 0x0000, 0x0000, 0x0000, 0x0000, 0x0000, 0x8000, 0x0000, 0x8000, 0x8000, 0x8000,
0x0000, 0x0000, 0x0000, 0x0000, 0x0000, 0x8000, 0x8000, 0x8000, 0x8000, 0x8000, 0x0000, 0x0000, 0x0000, 0x0000, 0x0000, 0x8000, 0x8000, 0x8000, 0x8000, 0x8000,
0x0000, 0x0000, 0x0000, 0x0000, 0x0000, 0x8000, 0x0000, 0x0000, 0x0000, 0x8000, 0x0000, 0x0000, 0x0000, 0x0000, 0x0000, 0x8000, 0x0000, 0x8000, 0x8000, 0x8000,
0x0001, 0x0000, 0x0001, 0x0001, 0x0001, 0xc000, 0x8000, 0x4000, 0xc000, 0xc000, 0x0001, 0x0000, 0x0001, 0x0001, 0x0001, 0xc000, 0x0000, 0x4000, 0xc000, 0xc000,
0x0001, 0x0000, 0x0001, 0x0001, 0x0001, 0xe000, 0x2000, 0x4000, 0xe000, 0xe000, 0x0003, 0x0000, 0x0003, 0x0003, 0x0003, 0xe000, 0x8000, 0x6000, 0xe000, 0xe000,
0x0003, 0x0001, 0x0002, 0x0003, 0x0003, 0xe000, 0x0000, 0x2000, 0xe000, 0xe000, 0x001f, 0x000d, 0x0012, 0x001f, 0x001f, 0xfc00, 0xdc00, 0x2000, 0xfc00, 0xfc00,
0x0007, 0x0000, 0x0002, 0x0007, 0x0007, 0xf800, 0x9800, 0x2000, 0xf800, 0xf800, 0x00ff, 0x007b, 0x0084, 0x00ff, 0x00ff, 0xff80, 0xef80, 0x1000, 0xff80, 0xff80,
0x00ff, 0x0000, 0x0084, 0x00ff, 0x00ff, 0xff80, 0x0880, 0x1000, 0xff80, 0xff80, 0x00ff, 0x0073, 0x008c, 0x00ff, 0x00ff, 0xff80, 0xe780, 0x1800, 0xff80, 0xff80,
0x00ff, 0x0074, 0x008b, 0x00ff, 0x00ff, 0xff80, 0x1780, 0xe800, 0xff80, 0xff80, 0x00ff, 0x001e, 0x00e0, 0x00ff, 0x00ff, 0xff80, 0x2f80, 0x1000, 0xff80, 0xff80,
0x00ff, 0x0025, 0x00c2, 0x00ff, 0x00ff, 0xff80, 0xf180, 0x0000, 0xff80, 0xff80, 0x00ff, 0x003d, 0x00c2, 0x00ff, 0x00ff, 0xff80, 0xff80, 0x0000, 0xff80, 0xff80,
0x07ff, 0x0401, 0x07fe, 0x07ff, 0x07ff, 0xfff0, 0xe010, 0x1fe0, 0xfff0, 0xfff0, 0x07ff, 0x047c, 0x0783, 0x07ff, 0x07ff, 0xfff0, 0x1f10, 0xe0e0, 0xfff0, 0xfff0,
0x07ff, 0x0438, 0x07ff, 0x07ff, 0x07ff, 0xfff0, 0x0e10, 0xffe0, 0xfff0, 0xfff0, 0x07ff, 0x0438, 0x07ff, 0x07ff, 0x07ff, 0xfff0, 0x0e10, 0xffe0, 0xfff0, 0xfff0,
0x07ff, 0x07ff, 0x0000, 0x07ff, 0x07ff, 0xfff0, 0xfff0, 0x0000, 0xfff0, 0xfff0, 0x07ff, 0x0000, 0x0000, 0x07ff, 0x07ff, 0xfff0, 0x0000, 0x0000, 0xfff0, 0xfff0,
0x0001, 0x0000, 0x0001, 0x0001, 0x0001, 0x8000, 0x0000, 0x8000, 0x8000, 0x8000, 0x0001, 0x0001, 0x0001, 0x0001, 0x0001, 0x8000, 0x8000, 0x8000, 0x8000, 0x8000,
0x0001, 0x0000, 0x0001, 0x0000, 0x0001, 0x8000, 0x8000, 0x8000, 0x8000, 0x8000, 0x0001, 0x0000, 0x0001, 0x0001, 0x0001, 0x8000, 0x8000, 0x8000, 0x8000, 0x8000,
0x0001, 0x0000, 0x0001, 0x0001, 0x0001, 0x8000, 0x0000, 0x8000, 0x8000, 0x8000, 0x0001, 0x0000, 0x0001, 0x0001, 0x0001, 0xc000, 0x0000, 0x4000, 0xc000, 0xc000,
0x0001, 0x0000, 0x0001, 0x0001, 0x0001, 0xc000, 0x0000, 0x4000, 0xc000, 0xc000, 0x0003, 0x0000, 0x0003, 0x0003, 0x0003, 0xe000, 0xa000, 0x4000, 0xe000, 0xe000,
0x0003, 0x0001, 0x0002, 0x0003, 0x0003, 0xe000, 0x2000, 0x4000, 0xe000, 0xe000, 0x0003, 0x0001, 0x0002, 0x0003, 0x0003, 0xe000, 0x8000, 0x6000, 0xe000, 0xe000,
0x0003, 0x0000, 0x0002, 0x0003, 0x0003, 0xe000, 0x0000, 0x2000, 0xe000, 0xe000, 0x003f, 0x0019, 0x0026, 0x003f, 0x003f, 0xfc00, 0xdc00, 0x2000, 0xfc00, 0xfc00,
0x0017, 0x0013, 0x0004, 0x0017, 0x0017, 0xfc00, 0x9c00, 0x2000, 0xfc00, 0xfc00, 0x03ff, 0x00fb, 0x0304, 0x03ff, 0x03ff, 0xffc0, 0xefc0, 0x1000, 0xffc0, 0xffc0,
0x03ff, 0x0100, 0x0208, 0x03ff, 0x03ff, 0xffc0, 0x08c0, 0x1000, 0xffc0, 0xffc0, 0x03ff, 0x01f7, 0x0208, 0x03ff, 0x03ff, 0xffc0, 0xe7c0, 0x1800, 0xffc0, 0xffc0,
0x03ff, 0x01f0, 0x020f, 0x03ff, 0x03ff, 0xffc0, 0x17c0, 0xe800, 0xffc0, 0xffc0, 0x03ff, 0x0183, 0x027c, 0x03ff, 0x03ff, 0xffc0, 0xe0c0, 0x1f00, 0xffc0, 0xffc0,
0x03ff, 0x013c, 0x02c0, 0x03ff, 0x03ff, 0xffc0, 0x2fc0, 0x1000, 0xffc0, 0xffc0, 0x03ff, 0x014b, 0x0284, 0x03ff, 0x03ff, 0xffc0, 0xf1c0, 0x0000, 0xffc0, 0xffc0,
0x03ff, 0x017b, 0x0284, 0x03ff, 0x03ff, 0xffc0, 0xffc0, 0x0000, 0xffc0, 0xffc0, 0x0fff, 0x0803, 0x0ffc, 0x0fff, 0x0fff, 0xfff8, 0xe008, 0x1ff0, 0xfff8, 0xfff8,
0x0fff, 0x08fc, 0x0f03, 0x0fff, 0x0fff, 0xfff8, 0x1f08, 0xe0f0, 0xfff8, 0xfff8, 0x0fff, 0x0878, 0x0fff, 0x0fff, 0x0fff, 0xfff8, 0x0e08, 0xfff0, 0xfff8, 0xfff8,
0x0fff, 0x0878, 0x0fff, 0x0fff, 0x0fff, 0xfff8, 0x0e08, 0xfff0, 0xfff8, 0xfff8, 0x0fff, 0x0fff, 0x0000, 0x0fff, 0x0fff, 0xfff8, 0xfff8, 0x0000, 0xfff8, 0xfff8,
0x0fff, 0x0000, 0x0000, 0x0fff, 0x0fff, 0xfff8, 0x0000, 0x0000, 0xfff8, 0xfff8, 0x0001, 0x0001, 0x0001, 0x0001, 0x0001, 0x8000, 0x0000, 0x8000, 0x0000, 0x8000,
0x0001, 0x0000, 0x0001, 0x0001, 0x0001, 0x0000, 0x0000, 0x0000, 0x0000, 0x0000, 0x0007, 0x0007, 0x0000, 0x0007, 0x0007, 0xe000, 0xe000, 0x0000, 0xe000, 0xe000,
0x0007, 0x0007, 0x0004, 0x0003, 0x0007, 0xc000, 0x4000, 0x0000, 0xc000, 0xc000, 0x000f, 0x000f, 0x0008, 0x0007, 0x000f, 0xf000, 0xf000, 0x3000, 0xc000, 0xf000,
0x000f, 0x000f, 0x0000, 0x000f, 0x000f, 0xe000, 0x8000, 0x6000, 0xe000, 0xe000, 0x001f, 0x001f, 0x0000, 0x001f, 0x001f, 0xf000, 0x0000, 0xf000, 0xf000, 0xf000,
0x001f, 0x0000, 0x0000, 0x001f, 0x001f, 0xf000, 0xf000, 0x0000, 0xf000, 0xf000, 0x0001, 0x0001, 0x0001, 0x0001, 0x0001, 0x8000, 0x0000, 0x0000, 0x0000, 0x8000,
0x0001, 0x0000, 0x0001, 0x0001, 0x0001, 0x0000, 0x0000, 0x0000, 0x0000, 0x0000, 0x0003, 0x0003, 0x0000, 0x0003, 0x0003, 0x8000, 0x8000, 0x0000, 0x8000, 0x8000,
0x001f, 0x000f, 0x0000, 0x001f, 0x001f, 0xf000, 0xf000, 0x0000, 0xf000, 0xf000, 0x000f, 0x000d, 0x0008, 0x0007, 0x000f, 0xe000, 0xa000, 0x8000, 0x6000, 0xe000,
0x003f, 0x003f, 0x0030, 0x000f, 0x003f, 0xf800, 0xd800, 0x3800, 0xe000, 0xf800, 0x000f, 0x0000, 0x000f, 0x000f, 0x000f, 0xe000, 0x0000, 0xe000, 0xe000, 0xe000,
0x001f, 0x001f, 0x0000, 0x001f, 0x001f, 0xf000, 0xc000, 0x3000, 0xf000, 0xf000, 0x007f, 0x007f, 0x0000, 0x007f, 0x007f, 0xf800, 0x0000, 0xf800, 0xf800, 0xf800,
0x007f, 0x0000, 0x0000, 0x007f, 0x007f, 0xf800, 0xf800, 0x0000, 0xf800, 0xf800, 0x0000, 0x0000, 0x0000, 0x0000, 0x0000, 0xc000, 0x4000, 0xc000, 0x4000, 0xc000,
0x0000, 0x0000, 0x0000, 0x0000, 0x0000, 0xc000, 0x8000, 0x8000, 0x8000, 0xc000, 0x0000, 0x0000, 0x0000, 0x0000, 0x0000, 0x8000, 0x0000, 0x8000, 0x8000, 0x8000,
0x0001, 0x0001, 0x0000, 0x0001, 0x0001, 0xc000, 0x8000, 0x4000, 0xc000, 0xc000, 0x000f, 0x000f, 0x0000, 0x000f, 0x000f, 0xf800, 0xf000, 0x0800, 0xf800, 0xf800,
0x0007, 0x0000, 0x0000, 0x0007, 0x0007, 0xe000, 0x0000, 0x0000, 0xe000, 0xe000, 0x0007, 0x0006, 0x0004, 0x0003, 0x0007, 0xe000, 0xa000, 0x0000, 0xe000, 0xe000,
0x001f, 0x0017, 0x0010, 0x000f, 0x001f, 0xfc00, 0xec00, 0x1c00, 0xf000, 0xfc00, 0x000f, 0x0000, 0x000f, 0x000f, 0x000f, 0xf800, 0x0800, 0xf000, 0xf800, 0xf800,
0x001f, 0x001f, 0x0000, 0x001f, 0x001f, 0xf800, 0xc800, 0x3000, 0xf800, 0xf800, 0x003f, 0x003f, 0x0000, 0x003f, 0x003f, 0xfc00, 0x0000, 0xfc00, 0xfc00, 0xfc00,
0x003f, 0x003f, 0x0000, 0x003f, 0x003f, 0xfc00, 0x0000, 0xfc00, 0xfc00, 0xfc00, 0x003f, 0x0000, 0x0000, 0x003f, 0x003f, 0xfc00, 0xfc00, 0x0000, 0xfc00, 0xfc00,
0x0000, 0x0000, 0x0000, 0x0000, 0x0000, 0xc000, 0x4000, 0xc000, 0x4000, 0xc000, 0x0000, 0x0000, 0x0000, 0x0000, 0x0000, 0xc000, 0xc000, 0xc000, 0xc000, 0xc000,
0x0000, 0x0000, 0x0000, 0x0000, 0x0000, 0x8000, 0x0000, 0x8000, 0x8000, 0x8000, 0x0000, 0x0000, 0x0000, 0x0000, 0x0000, 0x8000, 0x0000, 0x8000, 0x8000, 0x8000,
0x0003, 0x0001, 0x0000, 0x0003, 0x0003, 0xc000, 0x8000, 0x4000, 0xc000, 0xc000, 0x001f, 0x001f, 0x0000, 0x001f, 0x001f, 0xfc00, 0xf800, 0x0400, 0xfc00, 0xfc00,
0x000f, 0x0000, 0x0000, 0x000f, 0x000f, 0xf000, 0x0000, 0x0000, 0xf000, 0xf000, 0x000f, 0x000c, 0x0008, 0x0007, 0x000f, 0xf000, 0xd000, 0x4000, 0xb000, 0xf000,
0x003f, 0x003f, 0x0000, 0x003f, 0x003f, 0xfc00, 0xf800, 0x0400, 0xfc00, 0xfc00, 0x007f, 0x006f, 0x0060, 0x001f, 0x007f, 0xfe00, 0xee00, 0x1e00, 0xf000, 0xfe00,
0x001f, 0x0000, 0x001f, 0x001f, 0x001f, 0xfe00, 0x0600, 0xf800, 0xfe00, 0xfe00, 0x003f, 0x0037, 0x0000, 0x003f, 0x003f, 0xfe00, 0xe600, 0x1800, 0xfe00, 0xfe00,
0x003f, 0x003f, 0x0000, 0x003f, 0x003f, 0xfe00, 0xf600, 0x0800, 0xfe00, 0xfe00, 0x01ff, 0x01ff, 0x0000, 0x01ff, 0x01ff, 0xff80, 0xc000, 0xff80, 0xff80, 0xff80,
0x01ff, 0x01ff, 0x0000, 0x01ff, 0x01ff, 0xff80, 0x0000, 0xff80, 0xff80, 0xff80, 0x01ff, 0x00ff, 0x0000, 0x01ff, 0x01ff, 0xff80, 0x0080, 0xff00, 0xff80, 0xff80,
0x003f, 0x0000, 0x0000, 0x003f, 0x003f, 0xfc00, 0xfc00, 0x0000, 0xfc00, 0xfc00, 0x0001, 0x0001, 0x0000, 0x0001, 0x0001, 0xc000, 0xc000, 0xc000, 0xc000, 0xc000,
0x0001, 0x0000, 0x0000, 0x0000, 0x0001, 0xc000, 0x8000, 0x8000, 0x8000, 0xc000, 0x0001, 0x0001, 0x0000, 0x0001, 0x0001, 0x0000, 0x0000, 0x0000, 0x0000, 0x0000,
0x0001, 0x0001, 0x0000, 0x0001, 0x0001, 0x0000, 0x0000, 0x0000, 0x0000, 0x0000, 0x0001, 0x0000, 0x0001, 0x0001, 0x0001, 0x0000, 0x0000, 0x0000, 0x0000, 0x0000,
0x0001, 0x0000, 0x0001, 0x0001, 0x0001, 0x0000, 0x0000, 0x0000, 0x0000, 0x0000, 0x0007, 0x0007, 0x0000, 0x0007, 0x0007, 0xe000, 0xc000, 0x2000, 0xe000, 0xe000,
0x0003, 0x0003, 0x0000, 0x0003, 0x0003, 0xc000, 0x8000, 0x4000, 0xc000, 0xc000, 0x00ff, 0x007f, 0x0000, 0x00ff, 0x00ff, 0xfe00, 0xfc00, 0x0200, 0xfe00, 0xfe00,
0x003f, 0x0000, 0x0000, 0x003f, 0x003f, 0xf800, 0x0000, 0x0000, 0xf800, 0xf800, 0x003f, 0x0019, 0x0010, 0x002f, 0x003f, 0xf800, 0xc000, 0x8800, 0x7800, 0xf800,
0x01ff, 0x00ff, 0x0000, 0x01ff, 0x01ff, 0xff00, 0xfe00, 0x0100, 0xff00, 0xff00, 0x01ff, 0x01ff, 0x01c0, 0x003f, 0x01ff, 0xff00, 0xf700, 0x0f00, 0xf800, 0xff00,
0x007f, 0x0040, 0x003f, 0x007f, 0x007f, 0xfe00, 0x0600, 0xf800, 0xfe00, 0xfe00, 0x00ff, 0x00ff, 0x0000, 0x00ff, 0x00ff, 0xff00, 0xea00, 0x1500, 0xff00, 0xff00,
0x00ff, 0x00ff, 0x0000, 0x00ff, 0x00ff, 0xff00, 0xf200, 0x0d00, 0xff00, 0xff00, 0x07ff, 0x0000, 0x0000, 0x07ff, 0x07ff, 0xffc0, 0xffc0, 0xffc0, 0xffc0, 0xffc0,
0x07ff, 0x07ff, 0x0000, 0x07ff, 0x07ff, 0xffc0, 0x0000, 0xffc0, 0xffc0, 0xffc0, 0x07ff, 0x07ff, 0x0000, 0x07ff, 0x07ff, 0xffc0, 0x0000, 0xffc0, 0xffc0, 0xffc0,
0x07ff, 0x07ff, 0x0000, 0x07ff, 0x07ff, 0xffc0, 0x0000, 0xffc0, 0xffc0, 0xffc0, 0x03ff, 0x007f, 0x0000, 0x03ff, 0x03ff, 0xff80, 0x0380, 0xfc00, 0xff80, 0xff80,
0x00ff, 0x0000, 0x0000, 0x00ff, 0x00ff, 0xfe00, 0xfe00, 0x0000, 0xfe00, 0xfe00, 0x0001, 0x0001, 0x0000, 0x0001, 0x0001, 0xc000, 0xc000, 0xc000, 0xc000, 0xc000,
0x0001, 0x0000, 0x0000, 0x0000, 0x0001, 0xc000, 0x8000, 0x8000, 0x8000, 0xc000, 0x0001, 0x0001, 0x0000, 0x0001, 0x0001, 0x0000, 0x0000, 0x0000, 0x0000, 0x0000,
0x0001, 0x0001, 0x0000, 0x0001, 0x0001, 0x0000, 0x0000, 0x0000, 0x0000, 0x0000, 0x0003, 0x0000, 0x0001, 0x0003, 0x0003, 0x0000, 0x0000, 0x0000, 0x0000, 0x0000,
0x0003, 0x0000, 0x0001, 0x0003, 0x0003, 0x0000, 0x0000, 0x0000, 0x0000, 0x0000, 0x000f, 0x0007, 0x0000, 0x000f, 0x000f, 0xe000, 0xc000, 0x2000, 0xe000, 0xe000,
0x0003, 0x0000, 0x0000, 0x0003, 0x0003, 0x8000, 0x8000, 0x0000, 0x8000, 0x8000, 0x0007, 0x0007, 0x0000, 0x0007, 0x0007, 0xc000, 0x8000, 0x4000, 0xc000, 0xc000,
0x00ff, 0x00ff, 0x0000, 0x00ff, 0x00ff, 0xfe00, 0xfc00, 0x0200, 0xfe00, 0xfe00, 0x007f, 0x0000, 0x0000, 0x007f, 0x007f, 0xf800, 0x0000, 0x0000, 0xf800, 0xf800,
0x007f, 0x003d, 0x0038, 0x0047, 0x007f, 0xf800, 0xe000, 0x8800, 0x7800, 0xf800, 0x03ff, 0x01ff, 0x0000, 0x03ff, 0x03ff, 0xff80, 0xff00, 0x0080, 0xff80, 0xff80,
0x03ff, 0x03bf, 0x0380, 0x007f, 0x03ff, 0xff80, 0xf380, 0x0b80, 0xfc00, 0xff80, 0x01ff, 0x0080, 0x007f, 0x01ff, 0x01ff, 0xff00, 0x0200, 0xfd00, 0xff00, 0xff00,
0x01ff, 0x01df, 0x0000, 0x01ff, 0x01ff, 0xff80, 0xe300, 0x1c80, 0xff80, 0xff80, 0x01ff, 0x01fb, 0x0000, 0x01ff, 0x01ff, 0xff80, 0xb300, 0x0c80, 0xff80, 0xff80,
0x01ff, 0x01ff, 0x0000, 0x01ff, 0x01ff, 0xff80, 0xf300, 0x0c80, 0xff80, 0xff80, 0x0fff, 0x0000, 0x0000, 0x0fff, 0x0fff, 0xffe0, 0xffe0, 0xffe0, 0xffe0, 0xffe0,
0x0fff, 0x0fff, 0x0000, 0x0fff, 0x0fff, 0xffe0, 0x0000, 0xffe0, 0xffe0, 0xffe0, 0x0fff, 0x0fff, 0x0000, 0x0fff, 0x0fff, 0xffe0, 0x0000, 0xffe0, 0xffe0, 0xffe0,
0x0fff, 0x0fff, 0x0000, 0x0fff, 0x0fff, 0xffe0, 0x0000, 0xffe0, 0xffe0, 0xffe0, 0x07ff, 0x00ff, 0x0000, 0x07ff, 0x07ff, 0xffc0, 0x01c0, 0xfe00, 0xffc0, 0xffc0,
0x01ff, 0x0000, 0x0000, 0x01ff, 0x01ff, 0xff00, 0xff00, 0x0000, 0xff00, 0xff00, 0x007f, 0x0000, 0x0000, 0x007f, 0x007f, 0xf800, 0xf800, 0x0000, 0xf800, 0xf800,
0x0001, 0x0001, 0x0000, 0x0001, 0x0001, 0xe000, 0xe000, 0xe000, 0xe000, 0xe000, 0x0001, 0x0001, 0x0000, 0x0001, 0x0001, 0xe000, 0x4000, 0x4000, 0x4000, 0xe000,
0x0001, 0x0001, 0x0000, 0x0001, 0x0001, 0x0000, 0x0000, 0x0000, 0x0000, 0x0000, 0x0001, 0x0001, 0x0000, 0x0001, 0x0001, 0x0000, 0x0000, 0x0000, 0x0000, 0x0000,
0x0003, 0x0001, 0x0000, 0x0003, 0x0003, 0x8000, 0x0000, 0x8000, 0x8000, 0x8000, 0x0003, 0x0001, 0x0000, 0x0003, 0x0003, 0x8000, 0x0000, 0x8000, 0x8000, 0x8000,
0x000f, 0x0007, 0x0000, 0x000f, 0x000f, 0xf000, 0xe000, 0x1000, 0xf000, 0xf000, 0x0003, 0x0000, 0x0000, 0x0003, 0x0003, 0x8000, 0x8000, 0x0000, 0x8000, 0x8000,
0x0007, 0x0007, 0x0000, 0x0007, 0x0007, 0xe000, 0xc000, 0x2000, 0xe000, 0xe000, 0x00ff, 0x00ff, 0x0000, 0x00ff, 0x00ff, 0xff00, 0xfe00, 0x0100, 0xff00, 0xff00,
0x007f, 0x0000, 0x0000, 0x007f, 0x007f, 0xfc00, 0x0000, 0x0000, 0xfc00, 0xfc00, 0x007f, 0x003d, 0x0038, 0x0047, 0x007f, 0xfc00, 0xe000, 0x4400, 0xbc00, 0xfc00,
0x03ff, 0x01ff, 0x0000, 0x03ff, 0x03ff, 0xff80, 0xff80, 0x0000, 0xff80, 0xff80, 0x01ff, 0x01df, 0x01c0, 0x003f, 0x01ff, 0xf800, 0xf000, 0x0800, 0xf800, 0xf800,
0x03ff, 0x03bf, 0x0380, 0x007f, 0x03ff, 0xffc0, 0xfbc0, 0x07c0, 0xfc00, 0xffc0, 0x03ff, 0x0180, 0x007f, 0x03ff, 0x03ff, 0xff80, 0x0300, 0xfc80, 0xff80, 0xff80,
0x03ff, 0x01df, 0x0000, 0x03ff, 0x03ff, 0xff80, 0xf500, 0x0a80, 0xff80, 0xff80, 0x03ff, 0x01fb, 0x0000, 0x03ff, 0x03ff, 0xff80, 0xf900, 0x0680, 0xff80, 0xff80,
0x03ff, 0x01ff, 0x0000, 0x03ff, 0x03ff, 0xff80, 0xf900, 0x0680, 0xff80, 0xff80, 0x0fff, 0x0000, 0x0000, 0x0fff, 0x0fff, 0xfff0, 0xfff0, 0xfff0, 0xfff0, 0xfff0,
0x0fff, 0x0fff, 0x0000, 0x0fff, 0x0fff, 0xfff0, 0x0000, 0xfff0, 0xfff0, 0xfff0, 0x0fff, 0x0fff, 0x0000, 0x0fff, 0x0fff, 0xfff0, 0x0000, 0xfff0, 0xfff0, 0xfff0,
0x0fff, 0x07ff, 0x0000, 0x0fff, 0x0fff, 0xfff0, 0x0030, 0xffc0, 0xfff0, 0xfff0, 0x07ff, 0x003e, 0x0000, 0x07ff, 0x07ff, 0xffc0, 0x83c0, 0x7c00, 0xffc0, 0xffc0,
0x01ff, 0x0000, 0x0000, 0x01ff, 0x01ff, 0xff00, 0xff00, 0x0000, 0xff00, 0xff00, 0x007f, 0x0000, 0x0000, 0x007f, 0x007f, 0xf800, 0xf800, 0x0000, 0xf800, 0xf800,
0x0001, 0x0001, 0x0000, 0x0001, 0x0001, 0xe000, 0xe000, 0xe000, 0xe000, 0xe000, 0x0001, 0x0001, 0x0000, 0x0001, 0x0001, 0xe000, 0x4000, 0x4000, 0x4000, 0xe000,
0x0001, 0x0001, 0x0000, 0x0001, 0x0001, 0x0000, 0x0000, 0x0000, 0x0000, 0x0000, 0x0001, 0x0001, 0x0000, 0x0001, 0x0001, 0x0000, 0x0000, 0x0000, 0x0000, 0x0000,
0x0003, 0x0001, 0x0000, 0x0003, 0x0003, 0x8000, 0x0000, 0x8000, 0x8000, 0x8000, 0x0003, 0x0001, 0x0000, 0x0003, 0x0003, 0x8000, 0x0000, 0x8000, 0x8000, 0x8000,
0x000f, 0x000f, 0x0000, 0x000f, 0x000f, 0xf000, 0xe000, 0x1000, 0xf000, 0xf000, 0x0003, 0x0000, 0x0000, 0x0003, 0x0003, 0x8000, 0x8000, 0x0000, 0x8000, 0x8000,
0x000f, 0x000f, 0x0000, 0x000f, 0x000f, 0xf000, 0xe000, 0x1000, 0xf000, 0xf000, 0x0007, 0x0007, 0x0000, 0x0007, 0x0007, 0xe000, 0xc000, 0x2000, 0xe000, 0xe000,
0x01ff, 0x01ff, 0x0000, 0x01ff, 0x01ff, 0xff80, 0xff00, 0x0080, 0xff80, 0xff80, 0x007f, 0x0000, 0x0000, 0x007f, 0x007f, 0xfe00, 0x0000, 0x0000, 0xfe00, 0xfe00,
0x007f, 0x003d, 0x0030, 0x004f, 0x007f, 0xfe00, 0xf000, 0x4200, 0xbe00, 0xfe00, 0x07ff, 0x03ff, 0x0000, 0x07ff, 0x07ff, 0xffe0, 0xffc0, 0x0020, 0xffe0, 0xffe0,
0x03ff, 0x019f, 0x0180, 0x027f, 0x03ff, 0xfc00, 0xf000, 0x0c00, 0xfc00, 0xfc00, 0x07ff, 0x077f, 0x0700, 0x00ff, 0x07ff, 0xffe0, 0xfde0, 0x03e0, 0xfe00, 0xffe0,
0x07ff, 0x0380, 0x007f, 0x07ff, 0x07ff, 0xffe0, 0x0180, 0xfe60, 0xffe0, 0xffe0, 0x07ff, 0x03df, 0x0000, 0x07ff, 0x07ff, 0xffe0, 0xf280, 0x0d60, 0xffe0, 0xffe0,
0x07ff, 0x03ff, 0x0000, 0x07ff, 0x07ff, 0xffe0, 0xdc80, 0x0360, 0xffe0, 0xffe0, 0x07ff, 0x03ff, 0x0000, 0x07ff, 0x07ff, 0xffe0, 0xfc80, 0x0360, 0xffe0, 0xffe0,
0x3fff, 0x0000, 0x0000, 0x3fff, 0x3fff, 0xfffc, 0xfffc, 0xfffc, 0xfffc, 0xfffc, 0x3fff, 0x3fff, 0x0000, 0x3fff, 0x3fff, 0xfffc, 0x0000, 0xfffc, 0xfffc, 0xfffc,
0x3fff, 0x3fff, 0x0000, 0x3fff, 0x3fff, 0xfffc, 0x0000, 0xfffc, 0xfffc, 0xfffc, 0x3fff, 0x3fff, 0x0000, 0x3fff, 0x3fff, 0xfffc, 0x0000, 0xfffc, 0xfffc, 0xfffc,
0x3fff, 0x1fff, 0x0000, 0x3fff, 0x3fff, 0xfffc, 0x000c, 0xfff0, 0xfffc, 0xfffc, 0x1fff, 0x00fe, 0x0000, 0x1fff, 0x1fff, 0xfff0, 0x80f0, 0x7f00, 0xfff0, 0xfff0,
0x03ff, 0x0000, 0x0000, 0x03ff, 0x03ff, 0xff80, 0xff80, 0x0000, 0xff80, 0xff80, 0x007f, 0x0000, 0x0000, 0x007f, 0x007f, 0xfc00, 0xfc00, 0x0000, 0xfc00, 0xfc00,
0x000f, 0x0000, 0x0000, 0x000f, 0x000f, 0xf000, 0x7000, 0x0000, 0xf000, 0xf000, 0x0001, 0x0001, 0x0001, 0x0001, 0x0001, 0x8000, 0x8000, 0x0000, 0x8000, 0x8000,
0x0000, 0x0000, 0x0000, 0x0000, 0x0000, 0x8000, 0x8000, 0x0000, 0x8000, 0x8000, 0x0003, 0x0001, 0x0002, 0x0003, 0x0003, 0xe000, 0xe000, 0x0000, 0xe000, 0xe000,
0x0003, 0x0000, 0x0000, 0x0003, 0x0003, 0xf000, 0x0000, 0x0000, 0xf000, 0xf000, 0x000f, 0x0004, 0x000b, 0x000f, 0x000f, 0xfc00, 0x1c00, 0xe000, 0xfc00, 0xfc00,
0x001f, 0x001c, 0x001f, 0x0003, 0x001f, 0xfe00, 0x0600, 0xf600, 0xf800, 0xfe00, 0x000f, 0x0004, 0x000f, 0x000f, 0x000f, 0xfc00, 0x0c00, 0xe000, 0xfc00, 0xfc00,
0x001f, 0x0000, 0x001f, 0x001f, 0x001f, 0xfc00, 0xfc00, 0x0000, 0xfc00, 0xfc00, 0x0001, 0x0001, 0x0001, 0x0001, 0x0001, 0x8000, 0x8000, 0x0000, 0x8000, 0x8000,
0x0001, 0x0000, 0x0000, 0x0000, 0x0001, 0x8000, 0x0000, 0x0000, 0x0000, 0x8000, 0x0000, 0x0000, 0x0000, 0x0000, 0x0000, 0x8000, 0x8000, 0x0000, 0x8000, 0x8000,
0x0003, 0x0001, 0x0002, 0x0003, 0x0003, 0xe000, 0xe000, 0x0000, 0xe000, 0xe000, 0x0001, 0x0000, 0x0001, 0x0001, 0x0001, 0xe000, 0xc000, 0x0000, 0xe000, 0xe000,
0x0003, 0x0000, 0x0000, 0x0003, 0x0003, 0xf000, 0x0000, 0x0000, 0xf000, 0xf000, 0x001f, 0x000c, 0x0013, 0x001f, 0x001f, 0xfc00, 0x1c00, 0xe000, 0xfc00, 0xfc00,
0x001f, 0x0018, 0x001b, 0x0007, 0x001f, 0xfe00, 0x0600, 0xf600, 0xf800, 0xfe00, 0x000f, 0x000f, 0x0007, 0x000f, 0x000f, 0xfc00, 0xf800, 0xf000, 0xfc00, 0xfc00,
0x001f, 0x000c, 0x0017, 0x001f, 0x001f, 0xfc00, 0x0c00, 0xe000, 0xfc00, 0xfc00, 0x001f, 0x0000, 0x001f, 0x001f, 0x001f, 0xfc00, 0xfc00, 0x0000, 0xfc00, 0xfc00,
0x001f, 0x001f, 0x0000, 0x001f, 0x001f, 0xfc00, 0x0000, 0x0000, 0xfc00, 0xfc00, 0x0001, 0x0001, 0x0001, 0x0001, 0x0001, 0x8000, 0x8000, 0x0000, 0x8000, 0x8000,
0x0001, 0x0001, 0x0001, 0x0001, 0x0001, 0x8000, 0x0000, 0x0000, 0x0000, 0x8000, 0x0000, 0x0000, 0x0000, 0x0000, 0x0000, 0x8000, 0x8000, 0x0000, 0x8000, 0x8000,
0x0007, 0x0003, 0x0004, 0x0007, 0x0007, 0xe000, 0xe000, 0x0000, 0xe000, 0xe000, 0x0000, 0x0000, 0x0000, 0x0000, 0x0000, 0xc000, 0x0000, 0x0000, 0xc000, 0xc000,
0x0003, 0x0001, 0x0002, 0x0003, 0x0003, 0xe000, 0xe000, 0x0000, 0xe000, 0xe000, 0x0007, 0x0000, 0x0000, 0x0007, 0x0007, 0xf800, 0x0000, 0x0000, 0xf800, 0xf800,
0x003f, 0x0018, 0x0027, 0x003f, 0x003f, 0xff00, 0x1e00, 0xe000, 0xff00, 0xff00, 0x007f, 0x0070, 0x0077, 0x000f, 0x007f, 0xff00, 0x0300, 0xfb00, 0xfc00, 0xff00,
0x003f, 0x003f, 0x000f, 0x003f, 0x003f, 0xfe00, 0xfc00, 0xf800, 0xfe00, 0xfe00, 0x003f, 0x0018, 0x002f, 0x003f, 0x003f, 0xfe00, 0x0e00, 0xf000, 0xfe00, 0xfe00,
0x007f, 0x001f, 0x007f, 0x007f, 0x007f, 0xff00, 0x0700, 0x0000, 0xff00, 0xff00, 0x007f, 0x0000, 0x007f, 0x007f, 0x007f, 0xff00, 0xff00, 0x0000, 0xff00, 0xff00,
0x007f, 0x007f, 0x0000, 0x007f, 0x007f, 0xff00, 0x0000, 0x0000, 0xff00, 0xff00, 0x0001, 0x0001, 0x0001, 0x0001, 0x0001, 0x8000, 0x8000, 0x0000, 0x8000, 0x8000,
0x0001, 0x0001, 0x0001, 0x0001, 0x0001, 0x8000, 0x0000, 0x0000, 0x0000, 0x8000, 0x0000, 0x0000, 0x0000, 0x0000, 0x0000, 0x8000, 0x8000, 0x0000, 0x8000, 0x8000,
0x0000, 0x0000, 0x0000, 0x0000, 0x0000, 0xc000, 0x0000, 0x8000, 0xc000, 0xc000, 0x0007, 0x0003, 0x0004, 0x0007, 0x0007, 0xe000, 0xe000, 0x0000, 0xe000, 0xe000,
0x0000, 0x0000, 0x0000, 0x0000, 0x0000, 0xc000, 0x0000, 0x0000, 0xc000, 0xc000, 0x0003, 0x0001, 0x0002, 0x0003, 0x0003, 0xe000, 0xe000, 0x0000, 0xe000, 0xe000,
0x000f, 0x0000, 0x0000, 0x000f, 0x000f, 0xfc00, 0x0000, 0x0000, 0xfc00, 0xfc00, 0x007f, 0x0038, 0x0047, 0x007f, 0x007f, 0xff00, 0x1f00, 0xe000, 0xff00, 0xff00,
0x007f, 0x0078, 0x007f, 0x000f, 0x007f, 0xff80, 0x0380, 0xfb80, 0xfc00, 0xff80, 0x003f, 0x003f, 0x000f, 0x003f, 0x003f, 0xfe00, 0xfe00, 0xfc00, 0xfe00, 0xfe00,
0x007f, 0x0038, 0x0057, 0x007f, 0x007f, 0xff00, 0x0600, 0xf000, 0xff00, 0xff00, 0x007f, 0x0038, 0x005f, 0x007f, 0x007f, 0xff00, 0x0600, 0xf800, 0xff00, 0xff00,
0x007f, 0x003f, 0x007f, 0x007f, 0x007f, 0xff00, 0x0300, 0x0000, 0xff00, 0xff00, 0x007f, 0x0000, 0x007f, 0x007f, 0x007f, 0xff00, 0xff00, 0x0000, 0xff00, 0xff00,
0x007f, 0x007f, 0x0000, 0x007f, 0x007f, 0xff00, 0x0000, 0x0000, 0xff00, 0xff00, 0x0003, 0x0003, 0x0003, 0x0003, 0x0003, 0x8000, 0x8000, 0x0000, 0x8000, 0x8000,
0x0003, 0x0001, 0x0001, 0x0001, 0x0003, 0x8000, 0x0000, 0x0000, 0x0000, 0x8000, 0x0000, 0x0000, 0x0000, 0x0000, 0x0000, 0x8000, 0x8000, 0x0000, 0x8000, 0x8000,
0x0000, 0x0000, 0x0000, 0x0000, 0x0000, 0xc000, 0x0000, 0x8000, 0xc000, 0xc000, 0x0000, 0x0000, 0x0000, 0x0000, 0x0000, 0xc000, 0x0000, 0x8000, 0xc000, 0xc000,
0x0007, 0x0003, 0x0004, 0x0007, 0x0007, 0xf000, 0xe000, 0x0000, 0xf000, 0xf000, 0x0001, 0x0001, 0x0000, 0x0001, 0x0001, 0xc000, 0x0000, 0x0000, 0xc000, 0xc000,
0x0003, 0x0001, 0x0002, 0x0003, 0x0003, 0xe000, 0xe000, 0x0000, 0xe000, 0xe000, 0x001f, 0x0000, 0x0000, 0x001f, 0x001f, 0xfc00, 0x0000, 0x0000, 0xfc00, 0xfc00,
0x001f, 0x0006, 0x0011, 0x001f, 0x001f, 0xfc00, 0xb800, 0x1800, 0xe400, 0xfc00, 0x00ff, 0x0070, 0x008f, 0x00ff, 0x00ff, 0xff80, 0x0f80, 0xf000, 0xff80, 0xff80,
0x01ff, 0x01f0, 0x01ff, 0x001f, 0x01ff, 0xffc0, 0x01c0, 0xfdc0, 0xfe00, 0xffc0, 0x00ff, 0x007f, 0x009f, 0x00ff, 0x00ff, 0xff00, 0xff00, 0xfc00, 0xff00, 0xff00,
0x00ff, 0x0078, 0x00af, 0x00ff, 0x00ff, 0xff80, 0x0700, 0xf800, 0xff80, 0xff80, 0x00ff, 0x0070, 0x00bf, 0x00ff, 0x00ff, 0xff80, 0x0300, 0xfc00, 0xff80, 0xff80,
0x01ff, 0x01c0, 0x01ff, 0x01ff, 0x01ff, 0xff80, 0x0000, 0xfe00, 0xff80, 0xff80, 0x01ff, 0x007f, 0x01ff, 0x01ff, 0x01ff, 0xff80, 0x0180, 0x0000, 0xff80, 0xff80,
0x01ff, 0x0000, 0x01ff, 0x01ff, 0x01ff, 0xff80, 0xff80, 0x0000, 0xff80, 0xff80, 0x01ff, 0x01ff, 0x0000, 0x01ff, 0x01ff, 0xff80, 0x0000, 0x0000, 0xff80, 0xff80,
0x0003, 0x0003, 0x0003, 0x0003, 0x0003, 0x8000, 0x8000, 0x0000, 0x8000, 0x8000, 0x0003, 0x0001, 0x0001, 0x0001, 0x0003, 0x8000, 0x0000, 0x0000, 0x0000, 0x8000,
0x0000, 0x0000, 0x0000, 0x0000, 0x0000, 0x8000, 0x8000, 0x0000, 0x8000, 0x8000, 0x0000, 0x0000, 0x0000, 0x0000, 0x0000, 0x8000, 0x8000, 0x0000, 0x8000, 0x8000,
0x0000, 0x0000, 0x0000, 0x0000, 0x0000, 0xc000, 0x0000, 0x8000, 0xc000, 0xc000, 0x0000, 0x0000, 0x0000, 0x0000, 0x0000, 0xc000, 0x0000, 0x8000, 0xc000, 0xc000,
0x0007, 0x0003, 0x0004, 0x0007, 0x0007, 0xf000, 0xe000, 0x0000, 0xf000, 0xf000, 0x0001, 0x0001, 0x0000, 0x0001, 0x0001, 0xc000, 0x0000, 0x0000, 0xc000, 0xc000,
0x0003, 0x0001, 0x0002, 0x0003, 0x0003, 0xe000, 0xe000, 0x0000, 0xe000, 0xe000, 0x007f, 0x003f, 0x0040, 0x007f, 0x007f, 0xff00, 0xff00, 0x0000, 0xff00, 0xff00,
0x001f, 0x0000, 0x0000, 0x001f, 0x001f, 0xfe00, 0x0000, 0x0000, 0xfe00, 0xfe00, 0x001f, 0x0006, 0x0011, 0x001f, 0x001f, 0xfe00, 0xbc00, 0x1c00, 0xe200, 0xfe00,
0x01ff, 0x00f0, 0x010f, 0x01ff, 0x01ff, 0xffc0, 0x0f80, 0xf000, 0xffc0, 0xffc0, 0x01ff, 0x01d0, 0x01df, 0x003f, 0x01ff, 0xffc0, 0x01c0, 0xfdc0, 0xfe00, 0xffc0,
0x00ff, 0x007f, 0x00bf, 0x00ff, 0x00ff, 0xff80, 0xff00, 0xfe00, 0xff80, 0xff80, 0x01ff, 0x00f8, 0x013f, 0x01ff, 0x01ff, 0xff80, 0x0380, 0xf800, 0xff80, 0xff80,
0x01ff, 0x00f0, 0x013f, 0x01ff, 0x01ff, 0xff80, 0x0380, 0xfc00, 0xff80, 0xff80, 0x01ff, 0x00f0, 0x013f, 0x01ff, 0x01ff, 0xff80, 0x0380, 0xfc00, 0xff80, 0xff80,
0x01ff, 0x0180, 0x01ff, 0x01ff, 0x01ff, 0xffc0, 0x0000, 0xff00, 0xffc0, 0xffc0, 0x01ff, 0x007f, 0x01ff, 0x01ff, 0x01ff, 0xffc0, 0x01c0, 0x0000, 0xffc0, 0xffc0,
0x01ff, 0x0000, 0x01ff, 0x01ff, 0x01ff, 0xffc0, 0xffc0, 0x0000, 0xffc0, 0xffc0, 0x01ff, 0x01ff, 0x0000, 0x01ff, 0x01ff, 0xffc0, 0x0000, 0x0000, 0xffc0, 0xffc0,
0x0007, 0x0007, 0x0007, 0x0007, 0x0007, 0x8000, 0x8000, 0x0000, 0x8000, 0x8000, 0x0007, 0x0002, 0x0002, 0x0002, 0x0007, 0x8000, 0x8000, 0x0000, 0x8000, 0x8000,
0x0000, 0x0000, 0x0000, 0x0000, 0x0000, 0x8000, 0x8000, 0x0000, 0x8000, 0x8000, 0x0000, 0x0000, 0x0000, 0x0000, 0x0000, 0x8000, 0x8000, 0x0000, 0x8000, 0x8000,
0x0001, 0x0000, 0x0001, 0x0001, 0x0001, 0xc000, 0x8000, 0x0000, 0xc000, 0xc000, 0x0001, 0x0000, 0x0001, 0x0001, 0x0001, 0xc000, 0x8000, 0x0000, 0xc000, 0xc000,
0x000f, 0x0007, 0x0008, 0x000f, 0x000f, 0xf000, 0xe000, 0x0000, 0xf000, 0xf000, 0x0001, 0x0001, 0x0000, 0x0001, 0x0001, 0xc000, 0x0000, 0x0000, 0xc000, 0xc000,
0x0007, 0x0003, 0x0004, 0x0007, 0x0007, 0xe000, 0xe000, 0x0000, 0xe000, 0xe000, 0x00ff, 0x007f, 0x0080, 0x00ff, 0x00ff, 0xff00, 0xff00, 0x0000, 0xff00, 0xff00,
0x003f, 0x0000, 0x0000, 0x003f, 0x003f, 0xfe00, 0x0000, 0x0000, 0xfe00, 0xfe00, 0x003f, 0x0006, 0x0023, 0x003d, 0x003f, 0xfe00, 0xbc00, 0x1c00, 0xe200, 0xfe00,
0x01ff, 0x01fd, 0x0002, 0x01ff, 0x01ff, 0xffc0, 0xff80, 0x0000, 0xffc0, 0xffc0, 0x001f, 0x0010, 0x001f, 0x001f, 0x001f, 0xff80, 0x0380, 0xfb80, 0xfc00, 0xff80,
0x03ff, 0x03e0, 0x03ff, 0x003f, 0x03ff, 0xffc0, 0x01c0, 0xfdc0, 0xfe00, 0xffc0, 0x01ff, 0x00ff, 0x013f, 0x01ff, 0x01ff, 0xffc0, 0xff80, 0xfe00, 0xffc0, 0xffc0,
0x01ff, 0x00f0, 0x015f, 0x01ff, 0x01ff, 0xffc0, 0x0380, 0xf800, 0xffc0, 0xffc0, 0x01ff, 0x00e0, 0x017f, 0x01ff, 0x01ff, 0xffc0, 0x0180, 0xfc00, 0xffc0, 0xffc0,
0x01ff, 0x00e0, 0x017f, 0x01ff, 0x01ff, 0xffc0, 0x0180, 0xfc00, 0xffc0, 0xffc0, 0x07ff, 0x0700, 0x07ff, 0x07ff, 0x07ff, 0xffe0, 0x0000, 0xff80, 0xffe0, 0xffe0,
0x07ff, 0x0199, 0x07a0, 0x07ff, 0x07ff, 0xffe0, 0x9860, 0x0400, 0xffe0, 0xffe0, 0x07ff, 0x00ff, 0x07ff, 0x07ff, 0x07ff, 0xffe0, 0x01e0, 0x0000, 0xffe0, 0xffe0,
0x07ff, 0x0400, 0x03ff, 0x07ff, 0x07ff, 0xffe0, 0xffe0, 0x0000, 0xffe0, 0xffe0, 0x03ff, 0x03ff, 0x0000, 0x03ff, 0x03ff, 0xffe0, 0x0000, 0x0000, 0xffe0, 0xffe0,
0x0007, 0x0007, 0x0007, 0x0007, 0x0007, 0x8000, 0x8000, 0x0000, 0x8000, 0x8000, 0x0007, 0x0002, 0x0002, 0x0002, 0x0007, 0x8000, 0x8000, 0x0000, 0x8000, 0x8000,
0x0000, 0x0000, 0x0000, 0x0000, 0x0000, 0x8000, 0x8000, 0x0000, 0x8000, 0x8000, 0x0000, 0x0000, 0x0000, 0x0000, 0x0000, 0x8000, 0x8000, 0x0000, 0x8000, 0x8000,
0x0001, 0x0000, 0x0001, 0x0001, 0x0001, 0xc000, 0x8000, 0x0000, 0xc000, 0xc000, 0x0001, 0x0000, 0x0001, 0x0001, 0x0001, 0xc000, 0x8000, 0x0000, 0xc000, 0xc000,
0x000f, 0x0007, 0x0008, 0x000f, 0x000f, 0xf000, 0xf000, 0x0000, 0xf000, 0xf000, 0x0001, 0x0001, 0x0000, 0x0001, 0x0001, 0xc000, 0x0000, 0x0000, 0xc000, 0xc000,
0x000f, 0x0007, 0x0008, 0x000f, 0x000f, 0xf000, 0xf000, 0x0000, 0xf000, 0xf000, 0x0007, 0x0003, 0x0004, 0x0007, 0x0007, 0xe000, 0xe000, 0x0000, 0xe000, 0xe000,
0x01ff, 0x00ff, 0x0100, 0x01ff, 0x01ff, 0xff80, 0xff80, 0x0000, 0xff80, 0xff80, 0x007f, 0x0000, 0x0000, 0x007f, 0x007f, 0xfe00, 0x0000, 0x0000, 0xfe00, 0xfe00,
0x007f, 0x000e, 0x0043, 0x007d, 0x007f, 0xfe00, 0xbc00, 0x0c00, 0xf200, 0xfe00, 0x07ff, 0x03fd, 0x0402, 0x07ff, 0x07ff, 0xffe0, 0xffc0, 0x0000, 0xffe0, 0xffe0,
0x003f, 0x0030, 0x003f, 0x003f, 0x003f, 0xffc0, 0x01c0, 0xf9c0, 0xfe00, 0xffc0, 0x07ff, 0x07c0, 0x07ff, 0x007f, 0x07ff, 0xffe0, 0x00e0, 0xfee0, 0xff00, 0xffe0,
0x07ff, 0x01ff, 0x067f, 0x07ff, 0x07ff, 0xffe0, 0xffc0, 0xfe00, 0xffe0, 0xffe0, 0x07ff, 0x01f0, 0x06bf, 0x07ff, 0x07ff, 0xffe0, 0x03c0, 0xf800, 0xffe0, 0xffe0,
0x07ff, 0x01c0, 0x06fb, 0x07ff, 0x07ff, 0xffe0, 0x21c0, 0xde00, 0xffe0, 0xffe0, 0x07ff, 0x01c0, 0x06ff, 0x07ff, 0x07ff, 0xffe0, 0x01c0, 0xfe00, 0xffe0, 0xffe0,
0x1fff, 0x0800, 0x1fff, 0x1fff, 0x1fff, 0xfff8, 0x0008, 0xfff0, 0xfff8, 0xfff8, 0x1fff, 0x0c71, 0x1c80, 0x1fff, 0x1fff, 0xfff8, 0x8e18, 0x0100, 0xfff8, 0xfff8,
0x1fff, 0x07ff, 0x1fff, 0x1fff, 0x1fff, 0xfff8, 0x0038, 0x0000, 0xfff8, 0xfff8, 0x1fff, 0x1000, 0x0fff, 0x1fff, 0x1fff, 0xfff8, 0xfff0, 0x0000, 0xfff8, 0xfff8,
0x0fff, 0x0e00, 0x01ff, 0x0fff, 0x0fff, 0xfff8, 0xff80, 0x0000, 0xfff8, 0xfff8, 0x01ff, 0x01ff, 0x0000, 0x01ff, 0x01ff, 0xff80, 0x0000, 0x0000, 0xff80, 0xff80,
0x0018, 0x0000, 0x0018, 0x0000, 0x0018, 0x0000, 0x0000, 0x0000, 0x0000, 0x0000, 0x0078, 0x0000, 0x0078, 0x0000, 0x0078, 0x0000, 0x0000, 0x0000, 0x0000, 0x0000,
0x01ff, 0x0000, 0x01ff, 0x0000, 0x01ff, 0xc000, 0x0000, 0xc000, 0x0000, 0xc000, 0x0078, 0x0000, 0x0078, 0x0000, 0x0078, 0x0000, 0x0000, 0x0000, 0x0000, 0x0000,
0x0018, 0x0000, 0x0018, 0x0000, 0x0018, 0x0000, 0x0000, 0x0000, 0x0000, 0x0000, 0x0000, 0x0000, 0x0000, 0x0000, 0x0000, 0x1800, 0x0000, 0x1800, 0x0000, 0x1800,
0x0000, 0x0000, 0x0000, 0x0000, 0x0000, 0x1e00, 0x0000, 0x1e00, 0x0000, 0x1e00, 0x0003, 0x0000, 0x0003, 0x0000, 0x0003, 0xff80, 0x0000, 0xff80, 0x0000, 0xff80,
0x0000, 0x0000, 0x0000, 0x0000, 0x0000, 0x1e00, 0x0000, 0x1e00, 0x0000, 0x1e00, 0x0000, 0x0000, 0x0000, 0x0000, 0x0000, 0x1800, 0x0000, 0x1800, 0x0000, 0x1800,
0x0000, 0x0000, 0x0000, 0x0000, 0x0000, 0x8000, 0x8000, 0x8000, 0x8000, 0x8000, 0x0001, 0x0001, 0x0001, 0x0001, 0x0001, 0xc000, 0xc000, 0xc000, 0xc000, 0xc000,
0x001f, 0x001f, 0x001f, 0x001f, 0x001f, 0xfc00, 0xfc00, 0xfc00, 0xfc00, 0xfc00, 0x0001, 0x0001, 0x0001, 0x0001, 0x0001, 0x8000, 0x8000, 0x8000, 0x8000, 0x8000,
0x0000, 0x0000, 0x0000, 0x0000, 0x0000, 0xfe00, 0xfe00, 0xfe00, 0xfe00, 0xfe00, 0x0001, 0x0001, 0x0001, 0x0001, 0x0001, 0xf000, 0xf000, 0xf000, 0xf000, 0xf000,
0x000f, 0x000f, 0x000f, 0x000f, 0x000f, 0x0000, 0x0000, 0x0000, 0x0000, 0x0000, 0x0000, 0x0000, 0x0000, 0x0000, 0x0000, 0x6600, 0x6600, 0x6600, 0x6600, 0x6600,
0x0000, 0x0000, 0x0000, 0x0000, 0x0000, 0xf800, 0xf800, 0xf800, 0xf800, 0xf800, 0x0003, 0x0003, 0x0003, 0x0003, 0x0003, 0xe000, 0xe000, 0xe000, 0xe000, 0xe000,
0x000e, 0x000e, 0x000e, 0x000e, 0x000e, 0x0000, 0x0000, 0x0000, 0x0000, 0x0000, 0x0300, 0x0300, 0x0300, 0x0300, 0x0300, 0x0200, 0x0200, 0x0200, 0x0200, 0x0200,
0x0e00, 0x0600, 0x0e00, 0x0e00, 0x0e00, 0x1e00, 0x1e00, 0x1e00, 0x1e00, 0x1e00, 0x1e00, 0x1e00, 0x1e00, 0x1e00, 0x1e00, 0x3000, 0x3000, 0x3000, 0x3000, 0x3000,
0x4000, 0x4000, 0x4000, 0x4000, 0x4000, 0x0800, 0x0800, 0x0800, 0x0800, 0x0800, 0x1800, 0x1000, 0x1000, 0x1000, 0x1800, 0x3400, 0x3400, 0x3400, 0x3400, 0x3400,
0xfc00, 0xbc00, 0xfc00, 0xfc00, 0xfc00, 0x6800, 0x6800, 0x6800, 0x6800, 0x6800, 0xc000, 0x4000, 0x4000, 0x4000, 0xc000, 0x8000, 0x8000, 0x8000, 0x8000, 0x8000,
0x0000, 0x0000, 0x0000, 0x0000, 0x0000, 0x6000, 0x6000, 0x6000, 0x6000, 0x6000, 0x0000, 0x0000, 0x0000, 0x0000, 0x0000, 0x6000, 0x6000, 0x6000, 0x6000, 0x6000,
0x0000, 0x0000, 0x0000, 0x0000, 0x0000, 0xc800, 0xc800, 0xc800, 0xc800, 0xc800, 0x0003, 0x0003, 0x0003, 0x0003, 0x0003, 0xf800, 0x7800, 0xf800, 0xf800, 0xf800,
0x0000, 0x0000, 0x0000, 0x0000, 0x0000, 0xd000, 0xd000, 0xd000, 0xd000, 0xd000, 0x0001, 0x0001, 0x0001, 0x0001, 0x0001, 0x8000, 0x8000, 0x8000, 0x8000, 0x8000,
0x0001, 0x0001, 0x0001, 0x0001, 0x0001, 0x8000, 0x8000, 0x8000, 0x8000, 0x8000, 0x0002, 0x0002, 0x0002, 0x0002, 0x0002, 0x0000, 0x0000, 0x0000, 0x0000, 0x0000,
0x0006, 0x0006, 0x0006, 0x0006, 0x0006, 0x0000, 0x0000, 0x0000, 0x0000, 0x0000, 0x0006, 0x0006, 0x0006, 0x0006, 0x0006, 0x6000, 0x6000, 0x6000, 0x6000, 0x6000,
0x001f, 0x001b, 0x001f, 0x001f, 0x001f, 0xe000, 0xe000, 0xe000, 0xe000, 0xe000, 0x0006, 0x0006, 0x0006, 0x0006, 0x0006, 0x6000, 0x6000, 0x6000, 0x6000, 0x6000,
0x0006, 0x0006, 0x0006, 0x0006, 0x0006, 0x0000, 0x0000, 0x0000, 0x0000, 0x0000, 0x0002, 0x0002, 0x0002, 0x0002, 0x0002, 0x0000, 0x0000, 0x0000, 0x0000, 0x0000,
0x0000, 0x0000, 0x0000, 0x0000, 0x0000, 0x0800, 0x0800, 0x0800, 0x0800, 0x0800, 0x0000, 0x0000, 0x0000, 0x0000, 0x0000, 0x1800, 0x1800, 0x1800, 0x1800, 0x1800,
0x0001, 0x0001, 0x0001, 0x0001, 0x0001, 0xb800, 0xb800, 0xb800, 0xb800, 0xb800, 0x0001, 0x0001, 0x0001, 0x0001, 0x0001, 0xfc00, 0xec00, 0xfc00, 0xfc00, 0xfc00,
0x0001, 0x0001, 0x0001, 0x0001, 0x0001, 0x3000, 0x3000, 0x3000, 0x3000, 0x3000, 0x0000, 0x0000, 0x0000, 0x0000, 0x0000, 0x3000, 0x3000, 0x3000, 0x3000, 0x3000,
0x0000, 0x0000, 0x0000, 0x0000, 0x0000, 0x2000, 0x2000, 0x2000, 0x2000, 0x2000, 0x0200, 0x0200, 0x0200, 0x0200, 0x0200, 0x0600, 0x0600, 0x0600, 0x0600, 0x0600,
0x6c00, 0x6c00, 0x6c00, 0x6c00, 0x6c00, 0x7e00, 0x7e00, 0x7e00, 0x7e00, 0x7e00, 0xd800, 0xd800, 0xd800, 0xd800, 0xd800, 0x3000, 0x3000, 0x3000, 0x3000, 0x3000,
0x6000, 0x6000, 0x6000, 0x6000, 0x6000, 0x0100, 0x0100, 0x0100, 0x0100, 0x0100, 0x0300, 0x0100, 0x0100, 0x0100, 0x0300, 0x0a00, 0x0a00, 0x0a00, 0x0a00, 0x0a00,
0x1e00, 0x1600, 0x1e00, 0x1e00, 0x1e00, 0x1c00, 0x1c00, 0x1c00, 0x1c00, 0x1c00, 0x3800, 0x1800, 0x1800, 0x1800, 0x3800, 0x6000, 0x6000, 0x6000, 0x6000, 0x6000,
0x0000, 0x0000, 0x0000, 0x0000, 0x0000, 0x2600, 0x2600, 0x2600, 0x2600, 0x2600, 0x0000, 0x0000, 0x0000, 0x0000, 0x0000, 0xfc00, 0xbc00, 0xfc00, 0xfc00, 0xfc00,
0x0001, 0x0001, 0x0001, 0x0001, 0x0001, 0xe000, 0xe000, 0xe000, 0xe000, 0xe000, 0x0007, 0x0007, 0x0007, 0x0007, 0x0007, 0x0000, 0x0000, 0x0000, 0x0000, 0x0000,
0x0001, 0x0001, 0x0001, 0x0001, 0x0001, 0x0000, 0x0000, 0x0000, 0x0000, 0x0000, 0x0001, 0x0000, 0x0001, 0x0001, 0x0001, 0xfc00, 0xfc00, 0xfc00, 0xfc00, 0xfc00,
0x0003, 0x0003, 0x0003, 0x0003, 0x0003, 0xe000, 0xe000, 0xe000, 0xe000, 0xe000, 0x001e, 0x001e, 0x001e, 0x001e, 0x001e, 0x0000, 0x0000, 0x0000, 0x0000, 0x0000,
0x0001, 0x0001, 0x0001, 0x0001, 0x0001, 0x0000, 0x0000, 0x0000, 0x0000, 0x0000, 0x0003, 0x0003, 0x0003, 0x0003, 0x0003, 0x8000, 0x8000, 0x8000, 0x8000, 0x8000,
0x003f, 0x003e, 0x003f, 0x003f, 0x003f, 0xf800, 0xf800, 0xf800, 0xf800, 0xf800, 0x0001, 0x0001, 0x0001, 0x0001, 0x0001, 0x8000, 0x8000, 0x8000, 0x8000, 0x8000,
0x0001, 0x0001, 0x0001, 0x0001, 0x0001, 0x0000, 0x0000, 0x0000, 0x0000, 0x0000, 0x0003, 0x0003, 0x0003, 0x0003, 0x0003, 0x8000, 0x8000, 0x8000, 0x8000, 0x8000,
0x003f, 0x003f, 0x003f, 0x003f, 0x003f, 0xf800, 0xf800, 0xf800, 0xf800, 0xf800, 0x0001, 0x0001, 0x0001, 0x0001, 0x0001, 0x8000, 0x8000, 0x8000, 0x8000, 0x8000,
0x007f, 0x007f, 0x007f, 0x007f, 0x007f, 0x0000, 0x0000, 0x0000, 0x0000, 0x0000, 0x000f, 0x000f, 0x000f, 0x000f, 0x000f, 0x8000, 0x8000, 0x8000, 0x8000, 0x8000,
0x0000, 0x0000, 0x0000, 0x0000, 0x0000, 0xf000, 0xf000, 0xf000, 0xf000, 0xf000, 0x0066, 0x0066, 0x0066, 0x0066, 0x0066, 0x0000, 0x0000, 0x0000, 0x0000, 0x0000,
0x001f, 0x001f, 0x001f, 0x001f, 0x001f, 0x0000, 0x0000, 0x0000, 0x0000, 0x0000, 0x0007, 0x0007, 0x0007, 0x0007, 0x0007, 0xc000, 0xc000, 0xc000, 0xc000, 0xc000,
0x0000, 0x0000, 0x0000, 0x0000, 0x0000, 0x7000, 0x7000, 0x7000, 0x7000, 0x7000, 0x00c0, 0x00c0, 0x00c0, 0x00c0, 0x00c0, 0x0040, 0x0040, 0x0040, 0x0040, 0x0040,
0x0070, 0x0060, 0x0070, 0x0070, 0x0070, 0x0078, 0x0078, 0x0078, 0x0078, 0x0078, 0x0078, 0x0078, 0x0078, 0x0078, 0x0078, 0x000c, 0x000c, 0x000c, 0x000c, 0x000c,
0x0002, 0x0002, 0x0002, 0x0002, 0x0002, 0x0010, 0x0010, 0x0010, 0x0010, 0x0010, 0x0018, 0x0008, 0x0008, 0x0008, 0x0018, 0x002c, 0x002c, 0x002c, 0x002c, 0x002c,
0x003f, 0x003d, 0x003f, 0x003f, 0x003f, 0x0016, 0x0016, 0x0016, 0x0016, 0x0016, 0x0003, 0x0002, 0x0002, 0x0002, 0x0003, 0x0001, 0x0001, 0x0001, 0x0001, 0x0001,
0x0006, 0x0006, 0x0006, 0x0006, 0x0006, 0x0000, 0x0000, 0x0000, 0x0000, 0x0000, 0x0006, 0x0006, 0x0006, 0x0006, 0x0006, 0x0000, 0x0000, 0x0000, 0x0000, 0x0000,
0x0013, 0x0013, 0x0013, 0x0013, 0x0013, 0x0000, 0x0000, 0x0000, 0x0000, 0x0000, 0x001f, 0x001e, 0x001f, 0x001f, 0x001f, 0xc000, 0xc000, 0xc000, 0xc000, 0xc000,
0x000b, 0x000b, 0x000b, 0x000b, 0x000b, 0x0000, 0x0000, 0x0000, 0x0000, 0x0000, 0x0001, 0x0001, 0x0001, 0x0001, 0x0001, 0x8000, 0x8000, 0x8000, 0x8000, 0x8000,
0x0001, 0x0001, 0x0001, 0x0001, 0x0001, 0x8000, 0x8000, 0x8000, 0x8000, 0x8000, 0x0000, 0x0000, 0x0000, 0x0000, 0x0000, 0x4000, 0x4000, 0x4000, 0x4000, 0x4000,
0x0000, 0x0000, 0x0000, 0x0000, 0x0000, 0x6000, 0x6000, 0x6000, 0x6000, 0x6000, 0x0006, 0x0006, 0x0006, 0x0006, 0x0006, 0x6000, 0x6000, 0x6000, 0x6000, 0x6000,
0x0007, 0x0007, 0x0007, 0x0007, 0x0007, 0xf800, 0xd800, 0xf800, 0xf800, 0xf800, 0x0006, 0x0006, 0x0006, 0x0006, 0x0006, 0x6000, 0x6000, 0x6000, 0x6000, 0x6000,
0x0000, 0x0000, 0x0000, 0x0000, 0x0000, 0x6000, 0x6000, 0x6000, 0x6000, 0x6000, 0x0000, 0x0000, 0x0000, 0x0000, 0x0000, 0x4000, 0x4000, 0x4000, 0x4000, 0x4000,
0x0010, 0x0010, 0x0010, 0x0010, 0x0010, 0x0000, 0x0000, 0x0000, 0x0000, 0x0000, 0x0018, 0x0018, 0x0018, 0x0018, 0x0018, 0x0000, 0x0000, 0x0000, 0x0000, 0x0000,
0x001d, 0x001d, 0x001d, 0x001d, 0x001d, 0x8000, 0x8000, 0x8000, 0x8000, 0x8000, 0x003f, 0x0037, 0x003f, 0x003f, 0x003f, 0x8000, 0x8000, 0x8000, 0x8000, 0x8000,
0x000c, 0x000c, 0x000c, 0x000c, 0x000c, 0x8000, 0x8000, 0x8000, 0x8000, 0x8000, 0x000c, 0x000c, 0x000c, 0x000c, 0x000c, 0x0000, 0x0000, 0x0000, 0x0000, 0x0000,
0x0004, 0x0004, 0x0004, 0x0004, 0x0004, 0x0000, 0x0000, 0x0000, 0x0000, 0x0000, 0x0040, 0x0040, 0x0040, 0x0040, 0x0040, 0x0060, 0x0060, 0x0060, 0x0060, 0x0060,
0x0036, 0x0036, 0x0036, 0x0036, 0x0036, 0x007e, 0x007e, 0x007e, 0x007e, 0x007e, 0x001b, 0x001b, 0x001b, 0x001b, 0x001b, 0x000c, 0x000c, 0x000c, 0x000c, 0x000c,
0x0006, 0x0006, 0x0006, 0x0006, 0x0006, 0x0080, 0x0080, 0x0080, 0x0080, 0x0080, 0x00c0, 0x0080, 0x0080, 0x0080, 0x00c0, 0x0050, 0x0050, 0x0050, 0x0050, 0x0050,
0x0078, 0x0068, 0x0078, 0x0078, 0x0078, 0x0038, 0x0038, 0x0038, 0x0038, 0x0038, 0x001c, 0x0018, 0x0018, 0x0018, 0x001c, 0x0006, 0x0006, 0x0006, 0x0006, 0x0006,
0x0064, 0x0064, 0x0064, 0x0064, 0x0064, 0x0000, 0x0000, 0x0000, 0x0000, 0x0000, 0x003f, 0x003d, 0x003f, 0x003f, 0x003f, 0x0000, 0x0000, 0x0000, 0x0000, 0x0000,
0x0007, 0x0007, 0x0007, 0x0007, 0x0007, 0x8000, 0x8000, 0x8000, 0x8000, 0x8000, 0x0000, 0x0000, 0x0000, 0x0000, 0x0000, 0xe000, 0xe000, 0xe000, 0xe000, 0xe000,
0x0000, 0x0000, 0x0000, 0x0000, 0x0000, 0x8000, 0x8000, 0x8000, 0x8000, 0x8000, 0x003f, 0x003f, 0x003f, 0x003f, 0x003f, 0x8000, 0x0000, 0x8000, 0x8000, 0x8000,
0x0007, 0x0007, 0x0007, 0x0007, 0x0007, 0xc000, 0xc000, 0xc000, 0xc000, 0xc000, 0x0000, 0x0000, 0x0000, 0x0000, 0x0000, 0x7800, 0x7800, 0x7800, 0x7800, 0x7800,
0x0000, 0x0000, 0x0000, 0x0000, 0x0000, 0x8000, 0x8000, 0x8000, 0x8000, 0x8000, 0x000f, 0x000f, 0x000f, 0x000f, 0x000f, 0xf800, 0xf800, 0xf800, 0xf800, 0xf800,
0x0001, 0x0001, 0x0001, 0x0001, 0x0001, 0x8000, 0x8000, 0x8000, 0x8000, 0x8000, 0x0000, 0x0000, 0x0000, 0x0000, 0x0000, 0xf800, 0xf800, 0xf800, 0xf800, 0xf800,
0x0001, 0x0001, 0x0001, 0x0001, 0x0001, 0xe000, 0xe000, 0xe000, 0xe000, 0xe000, 0x0007, 0x0007, 0x0007, 0x0007, 0x0007, 0x0000, 0x0000, 0x0000, 0x0000, 0x0000,
0x0000, 0x0000, 0x0000, 0x0000, 0x0000, 0x2c00, 0x2c00, 0x2c00, 0x2c00, 0x2c00, 0x0000, 0x0000, 0x0000, 0x0000, 0x0000, 0x7800, 0x7800, 0x7800, 0x7800, 0x7800,
0x0000, 0x0000, 0x0000, 0x0000, 0x0000, 0xe000, 0xe000, 0xe000, 0xe000, 0xe000, 0x0001, 0x0001, 0x0001, 0x0001, 0x0001, 0x8000, 0x8000, 0x8000, 0x8000, 0x8000,
0x0200, 0x0200, 0x0200, 0x0200, 0x0200, 0x0c00, 0x0c00, 0x0c00, 0x0c00, 0x0c00, 0x1c00, 0x1c00, 0x1c00, 0x1c00, 0x1c00, 0x3000, 0x1000, 0x1000, 0x1000, 0x3000,
0x6000, 0x6000, 0x6000, 0x6000, 0x6000, 0x1000, 0x1000, 0x1000, 0x1000, 0x1000, 0x3800, 0x1800, 0x1800, 0x1800, 0x3800, 0x7800, 0x7800, 0x7800, 0x7800, 0x7800,
0x6800, 0x2800, 0x2800, 0x2800, 0x6800, 0x4000, 0x4000, 0x4000, 0x4000, 0x4000, 0x0000, 0x0000, 0x0000, 0x0000, 0x0000, 0x4000, 0x4000, 0x4000, 0x4000, 0x4000,
0x0000, 0x0000, 0x0000, 0x0000, 0x0000, 0xd800, 0xd800, 0x9800, 0x9800, 0xd800, 0x0003, 0x0003, 0x0003, 0x0003, 0x0003, 0xf800, 0x7800, 0xf800, 0xf800, 0xf800,
0x0001, 0x0001, 0x0001, 0x0001, 0x0001, 0x9000, 0x9000, 0x9000, 0x9000, 0x9000, 0x0001, 0x0001, 0x0001, 0x0001, 0x0001, 0x8000, 0x8000, 0x8000, 0x8000, 0x8000,
0x0003, 0x0003, 0x0003, 0x0003, 0x0003, 0x0000, 0x0000, 0x0000, 0x0000, 0x0000, 0x0003, 0x0003, 0x0002, 0x0002, 0x0003, 0x2000, 0x2000, 0x2000, 0x2000, 0x2000,
0x0007, 0x0007, 0x0007, 0x0007, 0x0007, 0xe000, 0xe000, 0xe000, 0xe000, 0xe000, 0x0003, 0x0003, 0x0002, 0x0002, 0x0003, 0x2000, 0x2000, 0x2000, 0x2000, 0x2000,
0x0003, 0x0003, 0x0003, 0x0003, 0x0003, 0x0000, 0x0000, 0x0000, 0x0000, 0x0000, 0x0000, 0x0000, 0x0000, 0x0000, 0x0000, 0x1000, 0x1000, 0x1000, 0x1000, 0x1000,
0x0001, 0x0001, 0x0001, 0x0001, 0x0001, 0xa000, 0xa000, 0xa000, 0xa000, 0xa000, 0x0001, 0x0001, 0x0001, 0x0001, 0x0001, 0xf000, 0xd000, 0xf000, 0xf000, 0xf000,
0x0001, 0x0001, 0x0001, 0x0001, 0x0001, 0x6000, 0x6000, 0x2000, 0x2000, 0x6000, 0x0000, 0x0000, 0x0000, 0x0000, 0x0000, 0x4000, 0x4000, 0x4000, 0x4000, 0x4000,
0x0800, 0x0800, 0x0800, 0x0800, 0x0800, 0x7800, 0x6800, 0x6800, 0x6800, 0x7800, 0x7800, 0x7800, 0x7800, 0x7800, 0x7800, 0x7000, 0x5000, 0x5000, 0x5000, 0x7000,
0x2000, 0x2000, 0x2000, 0x2000, 0x2000, 0x0200, 0x0200, 0x0200, 0x0200, 0x0200, 0x0c00, 0x0c00, 0x0c00, 0x0c00, 0x0c00, 0x1c00, 0x1c00, 0x1c00, 0x1c00, 0x1c00,
0x3000, 0x1000, 0x1000, 0x1000, 0x3000, 0x6000, 0x6000, 0x6000, 0x6000, 0x6000, 0x0000, 0x0000, 0x0000, 0x0000, 0x0000, 0x2c00, 0x2c00, 0x2c00, 0x2c00, 0x2c00,
0x0000, 0x0000, 0x0000, 0x0000, 0x0000, 0x7800, 0x7800, 0x7800, 0x7800, 0x7800, 0x0000, 0x0000, 0x0000, 0x0000, 0x0000, 0xe000, 0xe000, 0xe000, 0xe000, 0xe000,
0x0001, 0x0001, 0x0001, 0x0001, 0x0001, 0x8000, 0x8000, 0x8000, 0x8000, 0x8000, 0x0000, 0x0000, 0x0000, 0x0000, 0x0000, 0xf000, 0xf000, 0xf000, 0xf000, 0xf000,
0x0001, 0x0001, 0x0001, 0x0001, 0x0001, 0xc000, 0xc000, 0xc000, 0xc000, 0xc000, 0x0007, 0x0007, 0x0007, 0x0007, 0x0007, 0x0000, 0x0000, 0x0000, 0x0000, 0x0000,
0x0001, 0x0001, 0x0001, 0x0001, 0x0001, 0x0000, 0x0000, 0x0000, 0x0000, 0x0000, 0x001f, 0x001e, 0x001f, 0x001f, 0x001f, 0xf000, 0xf000, 0xf000, 0xf000, 0xf000,
0x0001, 0x0001, 0x0001, 0x0001, 0x0001, 0x8000, 0x8000, 0x8000, 0x8000, 0x8000, 0x0001, 0x0001, 0x0001, 0x0001, 0x0001, 0x0000, 0x0000, 0x0000, 0x0000, 0x0000,
0x001f, 0x001f, 0x001f, 0x001f, 0x001f, 0xf000, 0xf000, 0xf000, 0xf000, 0xf000, 0x0001, 0x0001, 0x0001, 0x0001, 0x0001, 0x8000, 0x8000, 0x8000, 0x8000, 0x8000,
0x001f, 0x001f, 0x001f, 0x001f, 0x001f, 0x0000, 0x0000, 0x0000, 0x0000, 0x0000, 0x0007, 0x0007, 0x0007, 0x0007, 0x0007, 0x8000, 0x8000, 0x8000, 0x8000, 0x8000,
0x0000, 0x0000, 0x0000, 0x0000, 0x0000, 0xe000, 0xe000, 0xe000, 0xe000, 0xe000, 0x0034, 0x0034, 0x0034, 0x0034, 0x0034, 0x0000, 0x0000, 0x0000, 0x0000, 0x0000,
0x001e, 0x001e, 0x001e, 0x001e, 0x001e, 0x0000, 0x0000, 0x0000, 0x0000, 0x0000, 0x0007, 0x0007, 0x0007, 0x0007, 0x0007, 0x0000, 0x0000, 0x0000, 0x0000, 0x0000,
0x0001, 0x0001, 0x0001, 0x0001, 0x0001, 0x8000, 0x8000, 0x8000, 0x8000, 0x8000, 0x0040, 0x0040, 0x0040, 0x0040, 0x0040, 0x0030, 0x0030, 0x0030, 0x0030, 0x0030,
0x0038, 0x0038, 0x0038, 0x0038, 0x0038, 0x000c, 0x0008, 0x0008, 0x0008, 0x000c, 0x0006, 0x0006, 0x0006, 0x0006, 0x0006, 0x0008, 0x0008, 0x0008, 0x0008, 0x0008,
0x001c, 0x0018, 0x0018, 0x0018, 0x001c, 0x001e, 0x001e, 0x001e, 0x001e, 0x001e, 0x0016, 0x0014, 0x0014, 0x0014, 0x0016, 0x0002, 0x0002, 0x0002, 0x0002, 0x0002,
0x0002, 0x0002, 0x0002, 0x0002, 0x0002, 0x0000, 0x0000, 0x0000, 0x0000, 0x0000, 0x001b, 0x001b, 0x0019, 0x0019, 0x001b, 0x0000, 0x0000, 0x0000, 0x0000, 0x0000,
0x001f, 0x001e, 0x001f, 0x001f, 0x001f, 0xc000, 0xc000, 0xc000, 0xc000, 0xc000, 0x0009, 0x0009, 0x0009, 0x0009, 0x0009, 0x8000, 0x8000, 0x8000, 0x8000, 0x8000,
0x0001, 0x0001, 0x0001, 0x0001, 0x0001, 0x8000, 0x8000, 0x8000, 0x8000, 0x8000, 0x0000, 0x0000, 0x0000, 0x0000, 0x0000, 0xc000, 0xc000, 0xc000, 0xc000, 0xc000,
0x0004, 0x0004, 0x0004, 0x0004, 0x0004, 0xc000, 0xc000, 0x4000, 0x4000, 0xc000, 0x0007, 0x0007, 0x0007, 0x0007, 0x0007, 0xe000, 0xe000, 0xe000, 0xe000, 0xe000,
0x0004, 0x0004, 0x0004, 0x0004, 0x0004, 0xc000, 0xc000, 0x4000, 0x4000, 0xc000, 0x0000, 0x0000, 0x0000, 0x0000, 0x0000, 0xc000, 0xc000, 0xc000, 0xc000, 0xc000,
0x0008, 0x0008, 0x0008, 0x0008, 0x0008, 0x0000, 0x0000, 0x0000, 0x0000, 0x0000, 0x0005, 0x0005, 0x0005, 0x0005, 0x0005, 0x8000, 0x8000, 0x8000, 0x8000, 0x8000,
0x000f, 0x000b, 0x000f, 0x000f, 0x000f, 0x8000, 0x8000, 0x8000, 0x8000, 0x8000, 0x0006, 0x0006, 0x0004, 0x0004, 0x0006, 0x8000, 0x8000, 0x8000, 0x8000, 0x8000,
0x0002, 0x0002, 0x0002, 0x0002, 0x0002, 0x0000, 0x0000, 0x0000, 0x0000, 0x0000, 0x0010, 0x0010, 0x0010, 0x0010, 0x0010, 0x001e, 0x0016, 0x0016, 0x0016, 0x001e,
0x001e, 0x001e, 0x001e, 0x001e, 0x001e, 0x000e, 0x000a, 0x000a, 0x000a, 0x000e, 0x0004, 0x0004, 0x0004, 0x0004, 0x0004, 0x0040, 0x0040, 0x0040, 0x0040, 0x0040,
0x0030, 0x0030, 0x0030, 0x0030, 0x0030, 0x0038, 0x0038, 0x0038, 0x0038, 0x0038, 0x000c, 0x0008, 0x0008, 0x0008, 0x000c, 0x0006, 0x0006, 0x0006, 0x0006, 0x0006,
0x0034, 0x0034, 0x0034, 0x0034, 0x0034, 0x0000, 0x0000, 0x0000, 0x0000, 0x0000, 0x001e, 0x001e, 0x001e, 0x001e, 0x001e, 0x0000, 0x0000, 0x0000, 0x0000, 0x0000,
0x0007, 0x0007, 0x0007, 0x0007, 0x0007, 0x0000, 0x0000, 0x0000, 0x0000, 0x0000, 0x0001, 0x0001, 0x0001, 0x0001, 0x0001, 0x8000, 0x8000, 0x8000, 0x8000, 0x8000,
0x000f, 0x000f, 0x000f, 0x000f, 0x000f, 0x0000, 0x0000, 0x0000, 0x0000, 0x0000, 0x0003, 0x0003, 0x0003, 0x0003, 0x0003, 0x8000, 0x8000, 0x8000, 0x8000, 0x8000,
0x0000, 0x0000, 0x0000, 0x0000, 0x0000, 0xe000, 0xe000, 0xe000, 0xe000, 0xe000, 0x0000, 0x0000, 0x0000, 0x0000, 0x0000, 0x8000, 0x8000, 0x8000, 0x8000, 0x8000,
0x0003, 0x0003, 0x0003, 0x0003, 0x0003, 0xe000, 0xe000, 0xe000, 0xe000, 0xe000, 0x0000, 0x0000, 0x0000, 0x0000, 0x0000, 0xe000, 0xe000, 0xe000, 0xe000, 0xe000,
0x0001, 0x0001, 0x0001, 0x0001, 0x0001, 0x8000, 0x8000, 0x8000, 0x8000, 0x8000, 0x0000, 0x0000, 0x0000, 0x0000, 0x0000, 0x7000, 0x7000, 0x7000, 0x7000, 0x7000,
0x0000, 0x0000, 0x0000, 0x0000, 0x0000, 0xe000, 0xe000, 0xe000, 0xe000, 0xe000, 0x0001, 0x0001, 0x0001, 0x0001, 0x0001, 0x0000, 0x0000, 0x0000, 0x0000, 0x0000,
0x1800, 0x1800, 0x1800, 0x1800, 0x1800, 0x7000, 0x7000, 0x7000, 0x7000, 0x7000, 0xc000, 0xc000, 0xc000, 0xc000, 0xc000, 0x0000, 0x0000, 0x0000, 0x0000, 0x0000,
0x6000, 0x6000, 0x6000, 0x6000, 0x6000, 0x0001, 0x0001, 0x0001, 0x0001, 0x0001, 0xe000, 0x6000, 0xe000, 0xe000, 0xe000, 0x0001, 0x0000, 0x0000, 0x0000, 0x0001,
0x8000, 0x8000, 0x8000, 0x8000, 0x8000, 0x0001, 0x0001, 0x0001, 0x0001, 0x0001, 0xa000, 0x2000, 0x2000, 0x2000, 0xa000, 0x0003, 0x0002, 0x0003, 0x0003, 0x0003,
0xe000, 0xe000, 0xe000, 0xe000, 0xe000, 0x0001, 0x0001, 0x0001, 0x0001, 0x0001, 0x0000, 0x0000, 0x0000, 0x0000, 0x0000, 0x0003, 0x0002, 0x0002, 0x0002, 0x0003,
0x4000, 0x4000, 0x4000, 0x4000, 0x4000, 0x0007, 0x0007, 0x0007, 0x0007, 0x0007, 0xc000, 0xc000, 0xc000, 0xc000, 0xc000, 0x0003, 0x0002, 0x0002, 0x0002, 0x0003,
0x0000, 0x0000, 0x0000, 0x0000, 0x0000, 0x0001, 0x0001, 0x0001, 0x0001, 0x0001, 0x6000, 0x4000, 0x4000, 0x4000, 0x6000, 0x0001, 0x0001, 0x0001, 0x0001, 0x0001,
0xf000, 0xf000, 0xf000, 0xf000, 0xf000, 0x0000, 0x0000, 0x0000, 0x0000, 0x0000, 0x4000, 0x4000, 0x4000, 0x4000, 0x4000, 0x5000, 0x5000, 0x5000, 0x5000, 0x5000,
0xf000, 0xf000, 0xf000, 0xf000, 0xf000, 0x6000, 0x2000, 0x2000, 0x2000, 0x6000, 0x0c00, 0x0c00, 0x0c00, 0x0c00, 0x0c00, 0x3800, 0x3800, 0x3800, 0x3800, 0x3800,
0x6000, 0x6000, 0x6000, 0x6000, 0x6000, 0x2800, 0x2800, 0x2800, 0x2800, 0x2800, 0x7000, 0x7000, 0x7000, 0x7000, 0x7000, 0xc000, 0xc000, 0xc000, 0xc000, 0xc000,
0x0000, 0x0000, 0x0000, 0x0000, 0x0000, 0xe000, 0xe000, 0xe000, 0xe000, 0xe000, 0x0001, 0x0001, 0x0001, 0x0001, 0x0001, 0x8000, 0x8000, 0x8000, 0x8000, 0x8000,
0x0001, 0x0001, 0x0001, 0x0001, 0x0001, 0x0000, 0x0000, 0x0000, 0x0000, 0x0000, 0x0007, 0x0007, 0x0007, 0x0007, 0x0007, 0xc000, 0xc000, 0xc000, 0xc000, 0xc000,
0x0001, 0x0001, 0x0001, 0x0001, 0x0001, 0x0000, 0x0000, 0x0000, 0x0000, 0x0000, 0x0007, 0x0007, 0x0007, 0x0007, 0x0007, 0xc000, 0xc000, 0xc000, 0xc000, 0xc000,
0x0007, 0x0007, 0x0007, 0x0007, 0x0007, 0x0000, 0x0000, 0x0000, 0x0000, 0x0000, 0x0001, 0x0001, 0x0001, 0x0001, 0x0001, 0x8000, 0x8000, 0x8000, 0x8000, 0x8000,
0x000e, 0x000e, 0x000e, 0x000e, 0x000e, 0x0000, 0x0000, 0x0000, 0x0000, 0x0000, 0x0007, 0x0007, 0x0007, 0x0007, 0x0007, 0x0000, 0x0000, 0x0000, 0x0000, 0x0000,
0x0000, 0x0000, 0x0000, 0x0000, 0x0000, 0x8000, 0x8000, 0x8000, 0x8000, 0x8000, 0x0018, 0x0018, 0x0018, 0x0018, 0x0018, 0x000e, 0x000e, 0x000e, 0x000e, 0x000e,
0x0003, 0x0003, 0x0003, 0x0003, 0x0003, 0x0006, 0x0006, 0x0006, 0x0006, 0x0006, 0x0000, 0x0000, 0x0000, 0x0000, 0x0000, 0x0007, 0x0006, 0x0007, 0x0007, 0x0007,
0x8000, 0x8000, 0x8000, 0x8000, 0x8000, 0x0001, 0x0001, 0x0001, 0x0001, 0x0001, 0x8000, 0x0000, 0x0000, 0x0000, 0x8000, 0x0005, 0x0004, 0x0004, 0x0004, 0x0005,
0x8000, 0x8000, 0x8000, 0x8000, 0x8000, 0x0007, 0x0007, 0x0007, 0x0007, 0x0007, 0xc000, 0x4000, 0xc000, 0xc000, 0xc000, 0x0000, 0x0000, 0x0000, 0x0000, 0x0000,
0x8000, 0x8000, 0x8000, 0x8000, 0x8000, 0x0002, 0x0002, 0x0002, 0x0002, 0x0002, 0xc000, 0x4000, 0x4000, 0x4000, 0xc000, 0x0003, 0x0003, 0x0003, 0x0003, 0x0003,
0xe000, 0xe000, 0xe000, 0xe000, 0xe000, 0x0000, 0x0000, 0x0000, 0x0000, 0x0000, 0xc000, 0x4000, 0x4000, 0x4000, 0xc000, 0x0006, 0x0002, 0x0002, 0x0002, 0x0006,
0x8000, 0x8000, 0x8000, 0x8000, 0x8000, 0x000f, 0x000f, 0x000f, 0x000f, 0x000f, 0x8000, 0x8000, 0x8000, 0x8000, 0x8000, 0x0002, 0x0002, 0x0002, 0x0002, 0x0002,
0x0000, 0x0000, 0x0000, 0x0000, 0x0000, 0x000a, 0x000a, 0x000a, 0x000a, 0x000a, 0x000f, 0x000f, 0x000f, 0x000f, 0x000f, 0x0006, 0x0004, 0x0004, 0x0004, 0x0006,
0x0030, 0x0030, 0x0030, 0x0030, 0x0030, 0x001c, 0x001c, 0x001c, 0x001c, 0x001c, 0x0006, 0x0006, 0x0006, 0x0006, 0x0006, 0x0014, 0x0014, 0x0014, 0x0014, 0x0014,
0x000e, 0x000e, 0x000e, 0x000e, 0x000e, 0x0003, 0x0003, 0x0003, 0x0003, 0x0003, 0x0007, 0x0007, 0x0007, 0x0007, 0x0007, 0x0000, 0x0000, 0x0000, 0x0000, 0x0000,
0x0001, 0x0001, 0x0001, 0x0001, 0x0001, 0x8000, 0x8000, 0x8000, 0x8000, 0x8000 };
